i,t,m,Beef,Bread,Cooking Oil,Dairy Products,Eggs,Fish (dried),"Honey, Syrups, etc.","Macaroni, Spaghetti",Maize (flour),Maize (grain),Milk (fresh),Pulses,Rice (husked),Ripe Bananas,Salt,Soft drinks,Sugar,Tea (dry),Vegetables (fresh),Wheat Flour,Cassava Fresh,Groundnuts,Leafy Greens,Other Fruits,Plantains,Sugarcane,Fish (fresh),Citrus Fruits,Irish Potatoes,Vegetables (preserved),"Buns, Cakes And Biscuits",Chicken,Coconuts,Other Spices,Goat Meat,Millet & Sorghum (flour),Sweets,Coffee & Cocoa,Nuts,Pork,Bottled Beer,Millet & Sorghum (grain),Sweet Potatoes,Local Brews,"Maize (green, cob)",Yams/Cocoyams,Cassava Dry/Flour,"Butter, Etc.",Seeds,Milk (dry or canned),Wine & Spirits,Other Cereal Products,Wild Birds & Insects,"Prepared Tea, Coffee"
1009-001-01,2020-21,Mainland Rural,6000,2500,5000,7000,1500,1155.555556,560,1040,1000,700,7000,4000,1050,1200,250,2500,2800,500,3007.234727,1500,,,,,,,,,,,,,,,,,,,,,,,,,,,,,,,,,,
1025-001-02,2020-21,Mainland Other Urban,,1050.175029,1250,1800,,1000,,,3000,,,2000,2800,454.5454545,100,,1400,120.9677419,898.0263158,1400,613.1877362,714.2857143,487.5,714.2857143,2250,94.7761194,,,,,,,,,,,,,,,,,,,,,,,,,,,,
1039-001-01,2020-21,Mainland Other Urban,,16336.05601,2500,,,,,3000,4000,,,4000,7000,,125,,4200,483.8709677,1603.618421,,,,187.5,,,,2583.333333,,,,,,,,,,,,,,,,,,,,,,,,,,,
1078-001-01,2020-21,Mainland Rural,,2000,5000,,,,,,10000,,7500,2000,2100,1600,125,,2800,500,601.4469453,1500,,,,1209.677419,3874.538745,,2500,3329.355815,4000,1000,,,,,,,,,,,,,,,,,,,,,,,,
1102-001-01,2020-21,Mainland Rural,,,2500,,,,,,2000,2100,3000,,1400,,250,,5600,,360.8681672,,,,400.5340454,,,,,,,,,,,,,,,,,,,,,,,,,,,,,,,
1142-001-01,2020-21,Dar Es Salaam,7166.666667,,2250,,3000,4000,13480,,2200,,,1400,6087.878788,,200,,1400,200,2857.142857,975,869.5652174,,1166.666667,,,1166.666667,1750,1388.888889,3000,,900,8000,1250,363.6363636,,,,,,,,,,,,,,,,,,,,
1196-001-01,2020-21,Dar Es Salaam,,4000,4500,,,,,,7700,,4000,5600,15219.69697,,200,3000,2800,350,3571.428571,,,,2450,2784.883721,2584.615385,,3500,,570,,,16000,1500,,13750,4000,,,,,,,,,,,,,,,,,,
1213-001-01,2020-21,Dar Es Salaam,5375,2000,,,8100,,,,1100,,,,13317.23485,2400,175,3928.571429,2800,1666.666667,1922.857143,1300,,,1565.666667,,,1878.916667,7000,200,2244,,2000,5376,3893.75,,,,,,,,,,,,,,,,,,,,,
1232-001-01,2020-21,Dar Es Salaam,,2000,1260,,,,,,7700,,,19600,15219.69697,,250,,5600,,4285.714286,,,,7000,7735.788114,,,,277.7777778,,,,,,,,,1000,,,,,,,,,,,,,,,,,
1248-001-01,2020-21,Dar Es Salaam,,,2250,2000,,,,1300,2200,,,1400,3043.939394,,100,,700,,1800,1300,,,900,,2000,,3500,,,,,,,,,,,,,,,,,,,,,,,,,,,
1269-001-01,2020-21,Dar Es Salaam,,,2250,,,,,,2200,,,2100,6848.863636,1309.090909,150,1714.285714,1400,350,2950,,,,1470,,,,3500,,,,1925,,1950,727.2727273,,4000,,,,,,,,,,,,,,,,,,
1325-001-01,2020-21,Dar Es Salaam,3583.333333,,1125,,600,,,,3850,,1000,700,5326.893939,606.0606061,150,,2800,350,3571.428571,,,,2041.666667,,1400,875,5250,,,,,,,,,,,,,,,,,,,,,,,,,,,
1348-001-01,2020-21,Dar Es Salaam,43000,3000,9000,14000,6000,,1685,,3850,,28000,4200,16741.66667,5180.606061,250,11000,4200,1666.666667,2857.142857,3770,2608.695652,2700,1312.5,18565.89147,3230.769231,,21000,,3000,,,36000,4035,,55000,,3500,1952.166667,20000,32500,,,,,,,,,,,,,,
1406-001-01,2020-21,Dar Es Salaam,,,,,,,,,3300,,,5600,4565.909091,,40,1500,,300,2000,,600,,1500,1500,6666.666667,,,500,400,,,,,,,,,,,,1500,,,,,,,,,,,,,
1419-001-01,2020-21,Dar Es Salaam,8958.333333,1000,1575,,900,,,,2200,,3000,2800,6087.878788,,150,,2800,,15714.28571,1300,,900,816.6666667,6188.630491,,,,,520,,,,3750,,,,,,,,,,,,,,,,,,,,,
1438-001-01,2020-21,Dar Es Salaam,,,,,,,,,7700,,,700,760.9848485,2000,200,,1400,,2100,,8400,,900,1500,,,3500,,,,5600,,5355,,,,,,,,,,,,,,,,,,,,,
1497-001-01,2020-21,Dar Es Salaam,10750,,4500,,,,,,7700,600,,5600,10653.78788,2000,300,2857.142857,4200,350,2857.142857,,,,2333.333333,,2153.846154,,3750,,1500,,,,2500,,,,,,,,,,,,,,,,,,,,,
1514-001-01,2020-21,Dar Es Salaam,,,1125,,,,,,6600,,,1400,1902.462121,480,125,,700,200,1342.857143,,600,,518,500,,,,50,,,500,,1950,,,,150,,,,,,,,,,,,,,,,,
1538-001-01,2020-21,Dar Es Salaam,7166.666667,1000,,1000,1500,,,,2200,,2000,5600,4565.909091,,150,1000,1400,333.3333333,2772.857143,1300,,,2450,1995.833333,1076.923077,,,,2000,,,,1255,,,,1000,,,,,2100,,,,,,,,,,,,
1553-001-03,2020-21,Dar Es Salaam,3583.333333,2000,1125,,,,,,7700,,,5600,15980.68182,,150,,4900,250,2285.714286,,6000,,2400,,1666.666667,,13500,500,,,4500,,9100,,,,,,,,,,,,,,,,,,,,,
1573-001-02,2020-21,Dar Es Salaam,,,,,,,,,,,,,,12121.21212,,,,,,,,,,2500,,,,500,,,,,,,,,,,,,,,,,,,,,,,,,,
1589-001-01,2020-21,Dar Es Salaam,,,1125,,,,,,1100,,,2100,3043.939394,,100,,700,200,1497.142857,,1200,,1225,,,,,,1000,,,,,,,,,,,,,,,,,,,,,,,,,
1654-001-01,2020-21,Dar Es Salaam,,,1125,,,500,,,5500,,,2100,,,200,,1400,1666.666667,657.1428571,,2782.608696,,630,,,,,,,,4000,,437.5,,,,,,,,,,,,,,,,,,,,,
1671-001-01,2020-21,Dar Es Salaam,7166.666667,,2250,,,,,,5775,,,2800,4565.909091,2400,166,,1400,600,3214.285714,,,,,,,,1750,,,,6400,,1300,,,,,,,,,,,,,,,,,,,,,
1691-001-01,2020-21,Dar Es Salaam,,1000,,,,,,,3300,,,,4565.909091,,250,2291.666667,,1166.666667,4642.857143,,600,,130.6666667,,,,,,,,,4000,,,,,,,,,,,,,,,,,,,,,,
1703-001-01,2020-21,Dar Es Salaam,7166.666667,,4500,,1500,,,,4400,,2000,2800,10653.78788,1818.181818,150,,2800,,1471.428571,,773.9130435,,,2784.883721,2476.923077,,7000,291.6666667,800,,25000,,6500,763.6363636,,2000,120,,,,,,,,,,,,,,,,,
1733-001-01,2020-21,Dar Es Salaam,,,2250,,,1500,,,4400,,,2800,4565.909091,,125,1000,2800,833.3333333,4385.714286,1300,1000,,816.6666667,2088.662791,,,7000,194.4444444,,,1125,,1612.5,1527.272727,,,200,,,,,,,,,,,,,,,,,
1744-001-01,2020-21,Dar Es Salaam,3583.333333,3000,2250,,,,,,7700,,,2800,10653.78788,,100,2000,1400,350,6785.714286,,3565.217391,,1400,1856.589147,4038.461538,,,,,,,17600,3937.5,,,,,,,,,,2037.509976,,,,,,,,,,,
1766-001-01,2020-21,Dar Es Salaam,,,13500,,,,,,11000,,,56000,31961.36364,,1000,,5600,1000,9574.285714,10400,,,638.1666667,,,,,,,,,,9100,,,,,,,,,,,,,,,,,,,,,
1785-001-02,2020-21,Mainland Rural,,1750,2500,,,866.6666667,,,10000,,,3000,,1750,200,,,,3007.234727,,1600,2000,1201.602136,,,,,,,,600,,,,,,,,,,,,,2000,,,,,,,,,,
1799-001-01,2020-21,Mainland Rural,3000,,5000,,,,,,18000,,3000,1762,4200,1270,200,2500,1400,250,2790.713826,1500,900,500,2483.311081,1854.83871,,,,,2000,,,4333.333333,,,,,,,,,,,,,,,,,,,,,,
1821-001-01,2020-21,Mainland Other Urban,,,,1200,,,,,1000,,1500,,4200,1000,250,2000,2800,145.1612903,4425.986842,1400,,,2397,2000,,,361.6666667,600,1000,,1500,,2000,,,,425,,,,,,1997.333333,,,,,,,,,,,
1842-001-01,2020-21,Mainland Rural,,,1250,,,,,,5000,,,1000,700,,125,,700,,2280.686817,,,,,,,,,,,513.3333333,,,,,1500,,,,,,,,,,,,,,,,,,,
1862-001-01,2020-21,Mainland Rural,,,1750,,,,,1222,10000,,3000,2000,4200,,200,,,420,1617.892283,10500,1000,500,500.6675567,,,,,,,,,,,,6000,,,,,,,,,,,,,,,,,,,
1880-001-01,2020-21,Mainland Rural,6000,,1250,,,9822.222222,,,6000,,,,4200,,250,2000,1400,,2097.846945,,1233,,1200,,,,,,,1150,1075,,,,,,,,,,,,,,,,,,,,,,,
1896-001-01,2020-21,Mainland Rural,,2000,5000,,,9880,2800,,,2100,1000,2000,5600,,200,,2800,500,2698.090997,,,500,773.8317757,3016.129032,630.99631,,,441.1396455,1000,,250,,,,,,,,,,,,,,1500,1922.051282,,,,,,,,
1916-001-01,2020-21,Mainland Other Urban,,,875,,500,,375,,4000,,375,3000,4200,237.7622378,150,428.5714286,,,4490.131579,,,714.2857143,2625,714.2857143,3600,,7750,384.6153846,,,,15000,,,,1666.666667,,,,,,,,1928.571429,,,750,,,,,,,
1935-001-01,2020-21,Mainland Rural,,,1500,,,,,,10500,,1000,500,,,200,,1400,,1082.604502,,750,1500,2403.204272,403.2258065,,,,,,1666.666667,,,,1518.987342,,,,,,,,,947.2188995,,555.5555556,,2100,,,,,,,
1952-001-02,2020-21,Mainland Rural,,,1250,,,,,,7000,,,,2800,,250,,700,,2285.498392,,,,,,,,28583.33333,,,,,,,,,,,,,,,,,,,,700,,,,,,,
1974-001-01,2020-21,Mainland Rural,,,1750,,,,,,7000,,,2000,,,250,,,,3849.26045,,,,1281.708945,,,,,,,,,,,,6000,,,,,,,,,,,,,,,,,,,
1992-001-01,2020-21,Mainland Other Urban,7000,2333.722287,2500,1200,2000,,1250,,3000,,,6000,4200,693.006993,125,1500,2800,762.0967742,3784.539474,1400,917.2616548,2857.142857,569.25,4065.714286,,,7750,475.9615385,1999,,2044.444444,7500,,,,833.3333333,,,,7000,,,1402,,1250,,,,,,,,,
2011-001-01,2020-21,Mainland Rural,12000,2100,3750,2000,,2137.777778,840,1300,12000,700,2000,6000,4200,,300,2857.142857,2800,210,1443.472669,,,2000,480.6408545,,,,,3828.759187,2000,,1875,,,,6000,,450,,,5000,1750,,5683.313397,1500,2666.666667,,,,,,,,,
2051-001-01,2020-21,Mainland Rural,3000,,2500,,600,,,,11200,,,1500,,,250,,2800,100,2598.250804,,,140,2242.990654,,,,,,1400,,,,,,3000,,,,,1250,,,710.4141746,7000,,,,,,,,,,
2067-001-01,2020-21,Mainland Rural,,,5000,,,,,,,,,14000,,,1000,,,3000,3007234.727,,2832,,1270.493992,464.516129,16605.16605,,,,,,,,,,,,,,,,,,,,4516.666667,4410.25641,,,,,,,,
2102-001-01,2020-21,Mainland Rural,,,500,,,,,,,,,7000,,,500,,700,,,,2008.5,,544.7263017,,14413.28413,,,,,,,,,,,,,,,,,,,,8888.888889,,,,,,,,,
2123-001-01,2020-21,Mainland Rural,,,875,,,,,,,,,,,,,,,,677.2292605,,993,,2019.492657,656.4516129,23956.82657,2689.768421,370.8333333,,,,,,,,,,,500,,,,,10386.72884,,,20371.28205,9189.6,,,,,,,
2147-001-01,2020-21,Mainland Rural,,,440,,,,,,2000,,,2000,,3630,450,,8400,,768.6491961,,5681,,4232.843792,3861.290323,25738.00738,,5583.333333,,,,,,,,,,,,,,,,,,,,19656.7,,,,,,,
2166-001-01,2020-21,Mainland Rural,6000,,2500,,,,,,,,2000,4000,,25000,176,,1400,,599.0411576,,,,446.9959947,1508.064516,11070.1107,,4166.666667,,,,,,,,6000,,,,,5000,,,,,44.44444444,646.1538462,,,,,,,,
2185-001-01,2020-21,Mainland Rural,,,1250,,3000,,,,4000,,5000,7000,4200,,200,,4200,200,1174.024437,,,2000,769.0253672,,9298.892989,,4000,,,833.3333333,,,,,6000,,,,,,,,,,1080,,,,,,,,,
2218-001-01,2020-21,Mainland Rural,,,1250,,,,,,2000,,,4000,,,200,857.1428571,,,1202.893891,,,,2403.204272,,5535.055351,,416.6666667,,,,,,,,,,,,,,,,,2500,,6153.846154,,,,,,,,
2235-001-01,2020-21,Mainland Rural,,,2500,,3600,,,,,,,6000,,1350,500,,2800,,962.3151125,,1000,,801.0680908,1693.548387,44.2804428,,2083.333333,,,,,,,,,,,500,,,,,,,200,2051.282051,,,,,,,,
2257-001-01,2020-21,Mainland Rural,,,4500,,,1733.333333,,,,,,14000,2800,,500,,,,5557.369775,,4000,,2899.866489,3387.096774,46494.46494,,,,9000,,,,,,,,,,,,,,5683.313397,,13888.88889,,,,,,,,,
2280-001-01,2020-21,Zanzibar,,2857.142857,2000,,,,,,2800,,9000,1400,23520,,300,,2000,200,800,4500,6000,,1055.555556,6000,12000,,26357.14286,,250,,,,6000,,,,,,,,,,,,,,,1000,,,,,,
2292-001-02,2020-21,Zanzibar,,,2800,,3800,2500,,,2800,,6000,2800,30240,20000,250,,1500,200,1600,,15000,,1583.333333,140000,14000,,1098.214286,,1500,,2000,3750,8400,500,,,,,,,,,,,,,,2000,,,,,,
2311-001-01,2020-21,Zanzibar,,,8000,,,,,,,,,2800,47040,20000,300,,2000,700,4000,15000,,,,60000,,,61500,,1000,,,,12000,625,,,,,,,,,,,,,,8000,,,,,,
2330-001-01,2020-21,Zanzibar,10000,600,1000,,,,,,1400,,,1400,10080,6000,250,,1000,350,1600,,3000,,844.4444444,4000,,,8785.714286,,,,,7500,6000,,,,,,,,,,,,,,,,,,,,,
2353-001-01,2020-21,Zanzibar,,,4000,,,,,,,,,2800,16800,16000,250,,2000,300,1600,4500,12000,,1477.777778,10000,12000,,13178.57143,,,,,,10080,500,,,,,,,,,,,,,,,,,,,,
2375-001-01,2020-21,Zanzibar,,,,,,,,,19600,,,,,,200,,1000,150,1600,,,,,6000,,,7687.5,,,,,,1422,,,,,,,,,,,,,,,,,,,,,
2389-001-02,2020-21,Zanzibar,,7900,,,,,,,,,,,23520,,250,,1000,150,1600,,,,,,,,7687.5,,,,,,3000,,,,,,,,,,,,,,,,,,,,,
2407-001-01,2020-21,Zanzibar,,,,,,,,,700,,,,8400,,200,,,,1600,,,,,2000,,,30750,,,,,,4200,,,,377.7777778,,,,,,,,,,,,,,,,,
2427-001-01,2020-21,Zanzibar,,8400,1000,,,2000,,,1400,,,2800,14700,2000,250,,2000,350,4800,,,,,10000,8000,,13178.57143,,500,,,,7200,875,,,,,,,,,,,,,,,,,,,,
2444-001-01,2020-21,Mainland Other Urban,,,1000,,,,,,8000,,,5000,,,250,,1400,,1603.618421,,,,656.25,,,,,,,,,,,,,,,,,,,,,,,,,,,,,,,
2467-001-02,2020-21,Mainland Rural,6000,,2645,,,,,,10000,,,4000,5600,,90,,2800,,743.3884244,,,,153.8050734,927.4193548,,,11554.16667,,,,15000,,,,,,,,,,,,,,,,2800,,,,,,,
2484-001-01,2020-21,Mainland Rural,,,1250,,,,,,14000,,,2000,,,220,,,,938.2572347,,,,656.8758344,,,,,,,,,,,,,,,,,,,,,2000,,,,,,,,,,
2524-001-01,2020-21,Mainland Rural,,,1250,,,,,,6000,,,14000,,,300,,,,3163.610932,,,,748.1975968,,,,,,,,,,,,,,,,,,,,,,,,4200,,,,,,,
2545-001-01,2020-21,Mainland Other Urban,,,,,,1764.705882,,,2000,,,1000,7350,,200,,,,1603.618421,,,,675,,1928.571429,,,,,,,,,,,,,,,,,,,,,,,,,,,,,
2563-001-01,2020-21,Mainland Rural,3000,2500,805,,,,,,7000,,,4824,,,50,,,,2245.802894,,,,471.0280374,,,,2595.833333,,,,,,,,3000,,,,,,17500,,,,,,7350,,,,,,,
2581-001-01,2020-21,Mainland Rural,,,,,,,,,,,,,,,,,,,,,2500,,,,,,,,,,,,,,,,,,,,,,,,,,,,,,,,,
2601-001-01,2020-21,Mainland Rural,,,420,,,,,,16000,,,6000,,,225,,,,1086.213183,,2301,,1058.210948,1159.677419,,,,,,,,,,,,,,,,,,,,,,3926.153846,,,,,,,,
2620-001-01,2020-21,Mainland Rural,6000,2000,5000,2000,1200,,,,6000,1400,1000,6000,8400,1740,250,,8400,,3608.681672,7500,,2000,1077.436582,573.3870968,7749.077491,,,,3000,,1925,,,,,,150,,,2500,,,,,,,,,,,,,,
2637-001-01,2020-21,Mainland Rural,3000,,1250,1750,,866.6666667,,,2000,,3500,1000,2800,720,100,,,,1804.340836,,,,400.5340454,322.5806452,830.2583026,615.7894737,,,1000,,,,,,,,,,,,,,473.6094498,,138.8888889,1025.641026,,,,,,,,
2654-001-01,2020-21,Mainland Other Urban,14000,13068.84481,1250,,4000,,,,14000,2000,,2000,2800,1076.923077,250,,2800,4233.870968,1282.894737,,,,9870,,,,,1442.307692,,,,7500,,,,,,,,,,,,,,,,,,,,,,
2675-001-01,2020-21,Mainland Rural,12000,4000,1750,3000,,,,,7000,,3000,4000,2800,2500,120,,2800,200,2165.209003,,,,2242.990654,,4704.797048,,,,,,,,,,,,,,,10000,,,,,,,,,,,,,,
2691-001-02,2020-21,Mainland Rural,,2000,5000,3000,,,,,14000,,,,,1800,125,,2800,120,5653.601286,,,,1201.602136,9677.419355,,,,,1500,,,,,,,5250,,,,,,,,,,,2100,,,,,,,
2717-001-01,2020-21,Mainland Rural,,,1250,,,,,,2000,,,,2800,,100,,1400,150,1443.472669,,,,1121.495327,,1107.01107,,,,3000,,,4333.333333,,,,,,,,,15750,,,5000,,,,,,,,,,
2755-001-01,2020-21,Zanzibar,5000,,4000,,,,,,,,3000,,6720,,250,,1500,200,800,3000,,,1900,6000,6000,,,,2000,,,,2400,375,,,,,,,,,,,,,,1000,,,,,,
2770-001-01,2020-21,Zanzibar,,,2000,,,,,,,,,,5040,2000,250,,2000,250,3200,4500,1500,,,,,,13178.57143,,500,,,,900,,,,,,,,,,,,,,,,,,,,,
2789-001-01,2020-21,Zanzibar,,,,,,,,,1400,,,,6720,,250,,1500,150,2800,,,,1900,,48000,,30750,,,,5000,,1200,,,,,,,,,,,,,,,,,,,,,
2826-001-01,2020-21,Zanzibar,,800,2000,,,,,,700,,,700,5040,600,200,4000,500,300,400,,,2500,,1500,,1000,13178.57143,,500,,530,,,,,,,,,,,,,,,,,,,,,,,
2845-001-01,2020-21,Mainland Rural,,,,,,,,,2000,,250,,,,100,,700,300,,,,,,1733.870968,,,179.1666667,,,,1522.5,,509.9168207,,,,,,446.4285714,,,,,,,,,,,,,,,
2865-001-02,2020-21,Mainland Other Urban,,,2500,,,,,,3000,,,,,,250,1428.571429,,,,,,,1500,1000,1800,,10333.33333,1050,,,1304.964539,,,,,,,,,,,,,,,,,,1500,,,,,
2882-001-01,2020-21,Mainland Rural,6000,,1250,,2100,20222.22222,,,5250,,,2000,5250,,150,,9800,140,2105.064309,,,,480.6408545,,,,,,1000,,2000,,1500,,,,,,,,,,,,,,,,,,,,,
2906-001-01,2020-21,Mainland Rural,,,1250,,,,,,3500,,,5000,,,100,,,,720,,,,,,,,,,,,,,,,,,,,,,,,,,,,,,,,,,,
2919-001-01,2020-21,Mainland Rural,,,1000,,,,,,9000,,,6000,,,200,,420,30,126.3038585,,,,,,,,250,,,,,,,,,,,,,,,,,,,,,,,,,,,
2939-001-01,2020-21,Mainland Rural,,,1250,,,,,,10000,700,,4000,1400,,320,,,,781.8810289,,1000,,,,,,,,,380,,4333.333333,,,,,,,,,,,,,,,,,,,,,,
2963-001-01,2020-21,Mainland Rural,,,1250,,,,,,10000,700,,1000,,,125,,,,1804.340836,,,,1602.136182,,,,,,,,,,,,,,,,,,,,,,,,,,,,,,,
3020-001-01,2020-21,Mainland Rural,6000,,2000,,,,,,,,2000,2000,,,300,,2800,,3837.231511,,,,2563.417891,,,,4166.666667,,,,3950,,,,,,,,,,,6000,,,,,14000,,,,,,,
3037-001-01,2020-21,Mainland Rural,,,1750,,,,,2600,7000,,,2000,1400,,200,,,100,,,,2000,,774.1935484,,,,,,,,8666.666667,,,,,,,,,,,,,671.1111111,1025.641026,,,,,,,,
3057-001-01,2020-21,Mainland Other Urban,,,,,,5882.352941,,,5000,,,,,,200,,,,,,,,,,,,,,,,,,,,,,,,,,,,,,,,,,,,,,,
3074-001-01,2020-21,Mainland Rural,,,2500,14000,,,,,18000,,,,5600,,350,,2800,,3548.536977,,,,1538.050734,,,,20208.33333,,,,,,,,,,,,,,,,,,,,,,,,,,,
3112-001-01,2020-21,Mainland Rural,,,1500,,,,,,4000,,,,,,70,,,,1419.414791,,,,,,,,1333.333333,,,1850,,,,,,,,,,,,,,,,,1400,,,,,,,
3128-001-01,2020-21,Mainland Rural,,,1250,,,2888.888889,,,15000,,,,,,300,,,,,,,,3925.233645,20161.29032,,,3125,,,,,,,,,,,,,,,,,3000,,,,,,,,,,
3151-001-02,2020-21,Mainland Other Urban,3500,,1750,,,,,,7000,,,6000,5600,,250,,840,846.7741935,3463.815789,,,428.5714286,2137.5,1714.285714,,,,,,,543.7352246,,,,,,,,,,,,,,,,,,,,,,,
3186-001-01,2020-21,Mainland Rural,,,1750,,900,2888.888889,840,,10500,,,1000,2800,450,300,,,,577.3890675,,,,288.3845127,8064.516129,6642.066421,,,,,,600,,,,,,,,,,,,,,,,,,,,,,,
3206-001-01,2020-21,Mainland Rural,,,,,675,2646.222222,,,7000,2100,,4000,4200,1687,348,500,2800,,1833.210289,,1345,420,1890.520694,2070.967742,1661.070111,854.3052632,,,,,,,,,3000,,,,,,,,,,,3560,,,,,,,,
3226-001-02,2020-21,Mainland Rural,,,1750,,,,,,7000,,,10000,,,133,1000,,,6003.643408,,,,208.2777036,4990.322581,,,,,,,,,,,,,,,,,,,,,,,,,,,,,,
3248-001-01,2020-21,Mainland Other Urban,7000,,5000,,1000,1470.588235,,,7000,,,4000,9800,460.1398601,206,2000,2800,241.9354839,1975.657895,,2000,225.7142857,649.5,1028.571429,3112.2,,5166.666667,,3569,,2401.134752,7500,,500,,,,,,,,,,,,,,,,,,,,
3262-001-01,2020-21,Mainland Rural,,,,1000,,2652,,,42000,,,4000,,976,125,857.1428571,700,150,477.5488746,,,1000,1079.038718,,,189.2526316,,,,,1862.5,4333.333333,,,,,250,,,,,,,1000,,,,,,,,,,
3286-001-01,2020-21,Zanzibar,,3000,,,,,,,2800,,,,8400,,150,,2000,200,800,4500,,,,,,,8785.714286,1000,2000,,,15000,6720,,,,,,,,,,,,,,,,,12000,,,,
3325-001-01,2020-21,Zanzibar,10000,,2000,,1900,,,,,,3000,2800,16800,4000,250,20000,2000,200,4800,7500,,,2111.111111,4000,6000,,8785.714286,2000,1000,,,7500,8400,,,,,,,,,,,,,,,2000,,,,,,
3339-001-01,2020-21,Zanzibar,,5714.285714,2000,,2216.666667,,,,,,,,28560,,300,,2000,,4800,3000,,,,,,,4392.857143,1000,2000,,,15000,6000,,,,,,,,,,,,,,,,,,,,,
3364-001-01,2020-21,Zanzibar,,4514.285714,2000,,,,,,,,,,8400,,500,,,250,1600,1500,,,,,,,4392.857143,833.3333333,1000,,,,,,,,,,,,,,,,,,,,,,,,,
3378-001-01,2020-21,Zanzibar,,2857.142857,1000,,,,,,1400,,,,1680,500,100,,500,100,800,,,,,1000,,,2196.428571,,,,1000,,,,,,,,,,,,500,,,,,,,,,,,
3399-001-01,2020-21,Zanzibar,,5000,2000,,3166.666667,,,,1400,,,1400,11760,,250,,2000,200,4800,1500,,,738.8888889,,6000,,8785.714286,,1000,,,,16800,437.5,,,,,,,,,,,,,,,,,,,,
3435-001-01,2020-21,Zanzibar,10000,,4000,,,,,,1400,,3000,1400,23520,,250,4000,2000,300,4800,7500,,,1055.555556,4000,,,4392.857143,1000,1000,,,7500,5880,625,,,,,,,,,,,,,,2000,,,,,,
3462-001-01,2020-21,Zanzibar,,4000,2000,,,,,,5600,,,2800,8400,4000,100,,1000,200,1600,4500,,,,4000,,,8785.714286,,1000,,,,7560,,,,,,,,,,,,,,,,,,,,,
3474-001-01,2020-21,Zanzibar,,1428.571429,4000,,,,,,1400,,,5600,10080,,300,1000,1500,500,6400,3000,4500,,1583.333333,12000,10000,,21964.28571,,1000,,2000,,7200,3125,,,283.3333333,,,,,3200,,,,,,,,,,,,
3490-001-01,2020-21,Zanzibar,,2800,2000,,3800,,,,,,,2800,8820,6000,250,,1500,250,2400,3000,4500,,1583.333333,6000,4000,4166.666667,4392.857143,,500,,2000,3750,4800,437.5,,,850,,,,,,,,,,,1000,,,,,,
3527-001-01,2020-21,Zanzibar,,10834.28571,2000,,,,,,,,,2800,5040,,250,,2000,250,,,,,,,,,8785.714286,,1000,,,,3360,,,,,,,,,,,,,,,,,,,,,
3549-001-01,2020-21,Zanzibar,,4514.285714,,,,,,,,,,,10080,,250,,2000,200,1600,3000,,,,,6000,,13178.57143,1250,1000,,,,3360,,,,,,,,,,,,,,,,,,,,,
3565-001-01,2020-21,Zanzibar,,4000,2000,,,,,,5600,,,2800,8400,,100,,2000,200,1600,4500,,,,2000,,,4392.857143,,1000,,,,,,,,,,,,,,,,,,,,,,,,,
3588-001-01,2020-21,Zanzibar,,9800,3000,,,,,,,,,,35280,,250,,2000,200,1440,,,,2850,,,,17571.42857,,1000,,,,3300,,,,850,,,,,,,,,,,,,,,,,
3606-001-01,2020-21,Mainland Rural,,,2500,,,,,,11000,,,2000,8400,10000,250,1000,,,2405.787781,,,400,8010.680908,8064.516129,,,,,,,,,,,,,,,,,,,,,,,,,,,,,,
3622-001-01,2020-21,Mainland Other Urban,,,3750,,2500,2941.176471,1250,,10000,,4500,3600,8400,,115,,2800,,2514.473684,,3628.727425,2857.142857,2306.25,,9450,1314.228856,,323.0769231,,,,,2900,,,,,,,,,,,,9125,7561.846154,,,,,,,,
3644-001-01,2020-21,Mainland Rural,,,1250,,,1155.555556,,,7000,,,1500,,7400,300,,2800,,890.1414791,,5000,1000,1401.869159,,22140.2214,903.1578947,,,,1833.333333,,,,253.164557,,,,,,,,,,,1888.888889,3589.74359,,,,,,,,
3665-001-01,2020-21,Mainland Rural,3000,,4200,,,8666.666667,,,7000,,,2000,14700,,200,,1400,210,2694.482315,4500,1500,,704.9399199,1693.548387,913.2841328,,4166.666667,,1200,,,,962.1072089,,,,,,,,,,2273.325359,,,,,,,,,,,
3687-001-01,2020-21,Mainland Other Urban,,,2500,,,,,,3500,,,2000,,,200,,2100,,1950,,,,1383.75,,5400,,,,,,,,,29.06976744,,,,,,,,,,,,,,,,,,,,
3698-001-01,2020-21,Mainland Other Urban,7000,7001.166861,,,2500,,,,4000,,,2000,8400,,20,4000,2800,181.4516129,4200,4200,,,750,5000,2025,,5166.666667,1500,6000,,4000,,5000,,8000,,,,,,,,,,,,,,,,,,,
3717-001-01,2020-21,Mainland Rural,,,,,,,,,7000,,,,,715,250,,,,342.8247588,,2458,,,3437.903226,3846.863469,,,,,870,,,,,,,,,,,,,,,,2833.846154,1400,,,,,,,
3740-001-01,2020-21,Mainland Rural,,5000,5000,,,,,,11000,,,6000,7000,,264,1000,5600,1600,400,,,,220.293725,6358.064516,,,3916.666667,,,,,,,,,,,,,,,,,750,,,,,,,,,,
3756-001-01,2020-21,Mainland Rural,,,1250,,,,,,1500,,500,,4200,,150,,700,100,1804.340836,3000,,,360.4806409,,,,10416.66667,,,,,,3500,,,,,,,,,,,,,,,,,,,,,
3779-001-02,2020-21,Mainland Rural,,,2500,,,,,,8000,,,2000,1400,700,250,,,,1202.893891,,,,,4032.258065,,,,,,1250,,,,,,,,,,,,,,,,,,,,,,,,
3799-001-01,2020-21,Mainland Rural,,,1000,,,,,,10000,,,3000,,,150,,,,721.7363344,,,,,4435.483871,,,895.8333333,,,,,,,,,,,,2678.571429,,,,,,,,,,,,,,,
3819-001-01,2020-21,Mainland Other Urban,,,750,,,,,,1000,,,,1400,,150,,700,145.1612903,1231.578947,,1679.966401,,1275,3571.428571,6300,,2066.666667,336.5384615,,,304.4917258,,1250,,,,,,,,,,,,,,,,,,500,,,
3838-001-01,2020-21,Mainland Rural,,,1000,,,1213.333333,,,3000,,,2000,,,100,,350,210,962.3151125,,,,,150,,,,,,,400,,,,6000,,,,,,,,,,,,,,,,,,,
3852-001-01,2020-21,Mainland Rural,,810,810,,,473.7777778,,,3500,,3500,,1400,,119,,2100,180,811.9533762,,,2000,469.4259012,1016.129032,,,,,,,600,,2303.284658,,12000,,,,,,,,583.4868421,,,,2100,,,,,,,
3890-001-01,2020-21,Mainland Rural,,,600,,,,,,14000,,,,3850,,100,,700,120,3326.001608,,,,1301.735648,,,,,,1000,,400,6500,,,,,,,500,,,,,,,,,,,,,,,
3911-001-01,2020-21,Mainland Other Urban,,,825,,,,,,3000,,,,7000,,250,,2100,145.1612903,1154.605263,700,,1428.571429,420,,,63.1840796,775,,,,391.4893617,,1250,,,,121.4285714,,,,,,,,312.5,,,,,,,,,
3948-001-01,2020-21,Mainland Rural,,,3750,,,,,,10500,,,6000,2800,,500,,,,1698.486174,,4408.5,,1230.440587,,,,3908.333333,,,,,,,,,,,,,,,,1435.036633,,,,,,,,,,,
3985-001-01,2020-21,Mainland Other Urban,21000,2000,10000,,,,,,4000,,,4000,7000,,500,,5600,,1277.763158,,,,2079,,13500,629.9452736,,,2000,,4610.874704,,,,8000,,,,,,,,,,,,,,,,,,,
4006-001-01,2020-21,Mainland Rural,,,1225,,,,,,7000,,,,,,126,,,,749.4028939,,,,,,,,,,,408.3333333,,,,,,7500,,,,,,,,,,11282.05128,,,,,,,,
4025-001-01,2020-21,Mainland Rural,,,200,,,,,,14000,,,,,,200,,,,601.4469453,,,,4485.981308,,,,833.3333333,,,,,,,,,,,,,,,,1847.076854,,,,,,,,,,,
4044-001-01,2020-21,Mainland Rural,,,,,,693.3333333,,,8000,,350,1000,,,125,,,,481.1575563,,,,,,,,3750,,,3500,,,,,,,,,,,,,,,,,1050,,,,,,,
4064-001-01,2020-21,Mainland Other Urban,7000,1050.175029,750,,,,,,3000,,,2000,2800,,200,1000,1400,1209.677419,487.5,,,,922.5,,,,,,,,,,,,4000,,,,,,,,,,,,,,,,,,,
4081-001-01,2020-21,Mainland Rural,,,800,,,5488.888889,,,14000,,,7000,,,200,,,,312.7524116,,,,368.4913218,290.3225806,,,,,,,,,,,,,,,,,,,,,4000,,,,,,,,,
4101-001-01,2020-21,Mainland Other Urban,,,500,,,1058.823529,,,,,,,,,100,,,120.9677419,,,,,,,,,,,,,,,,,,,,,,,,,,,,,,,,,,,,
4122-001-01,2020-21,Mainland Rural,,,2000,,,,,,4000,,,1400,700,,166,857.1428571,,90,360.8681672,,,,320.4272363,,1660.516605,,333.3333333,,4000,,7500,,,,,,,20,,,,,,,,,700,,,,,,,
4156-001-03,2020-21,Mainland Rural,,2500,1250,,,,,,3000,,,3000,4200,,100,,700,,902.170418,,,,841.1214953,,,,566.6666667,300,,,2000,,,,,,,,,,,,,,,,,,,,,,,
4175-001-01,2020-21,Mainland Other Urban,,606.7677946,2100,,,,,,3000,,10500,,7000,,500,,700,,949.3421053,,,,1065,,,,4391.666667,,,,1598.58156,,2860,302.3255814,,,,,,,,,,,,,,,,,,,,
4200-001-01,2020-21,Mainland Rural,,,2500,,,,,,2000,,,2000,2800,,200,,700,,1200,,,,1500,900,,,1041.666667,,1000,,,,2000,,,,,,,,,,,,,,2100,,,,,,,
4238-001-01,2020-21,Mainland Other Urban,7000,1166.861144,2500,,,,,,1750,,,1000,4900,,100,1000,1400,229.8387097,4086.019737,,,,1200,1114.285714,,379.1044776,7750,,700,,978.7234043,,2900,,,,,,,,,,1000,675,,1280,500,,,,,,,
4255-001-01,2020-21,Mainland Rural,,,5000,,,,,,18000,,,,,,200,,,,1443.472669,,,,1313.751669,,,,8750,,,,,,,,,,,,,,,,,,,,,,,,,,,
4293-001-01,2020-21,Mainland Other Urban,3500,,1500,,,2470.588235,,,9000,,,2000,3500,,200,,420,,3707.565789,,,,1380,1400,,211.6666667,,,,,,,,,,,,,,,,,,,,,,,,,,,,
4310-001-02,2020-21,Mainland Rural,1500,,1250,,,5777.777778,,,10000,,,,4200,,200,,1400,,1202.893891,,,,1602.136182,4032.258065,,,,,,1666.666667,,,,,,,,,223.2142857,,,,,,,,2100,,,,,,,
4325-001-01,2020-21,Mainland Rural,,1350,,,,1820,,,6000,175,3000,,1400,783,125,4071.428571,700000,120,1634.732797,,488,,365.2870494,,704.6125461,,,,,,817.5,4333.333333,,200,,375,820,500,,,,,,,,,,,,4000,,,,
4347-001-01,2020-21,Mainland Other Urban,,,2500,,,,,,4000,750,,1000,4200,435.6643357,150,,1400,604.8387097,3651.118421,700,,,991.5,2590,,,661.3333333,,,,,,,,,,,,,,,,,,,,,,,,,,,
4366-001-02,2020-21,Mainland Rural,,2500,5000,,,,,,3000,2800,,1000,1400,,150,5000,,,2540.511897,,,,,3382.258065,,,16666.66667,,,,,,,,24000,,,,,10000,,,,,,,,,,,,,,
4386-001-02,2020-21,Mainland Rural,,,875,,,,,,10000,,,,5600,,250,,1400,,300.7234727,,,,2563.417891,,,,,,,,,,,,,,,,,,,,,,,,,,,,,,,
4406-001-01,2020-21,Mainland Other Urban,,,1000,,,,,,18000,,,,2800,,80,,,,3830.723684,,,,298.5,,,,,,,,,,,,,,,,,,,,,,,,,,,,,,,
4423-001-01,2020-21,Mainland Rural,,,2500,21000,,2888.888889,,,13000,,7000,7000,2800,,200,1000,4900,,505.2154341,3000,,3500,,,,246.3157895,,,4000,,,650,,,6000,,,,,,,,,,2000,,,34.28571429,,,,,,
4446-001-01,2020-21,Mainland Rural,,,5000,,,,1960,,14000,,,2000,7000,,300,1000,2800,150,3304.349518,,,2000,8467.28972,7016.129032,,,,,,,,,,,,,100,,,,,,,,,,,,,,,,,
4462-001-01,2020-21,Mainland Rural,6000,,1750,,,,,,10000,,5000,,14000,,90,,1400,,1785.094534,,,4000,392.5233645,,,,,,,,,,,,,,,,,,,,,,,,10500,,,,,,,
4484-001-01,2020-21,Mainland Rural,12000,,1250,,,,,,10000,,,2000,21000,,250,,2800,,300.7234727,,,,1041.388518,4032.258065,,,2208.333333,,,,,4333.333333,,,,,100,,,,,,6630.532297,500,,,,,,,,,,
4496-001-01,2020-21,Mainland Rural,6000,,5000,1000,,,,,5000,,,,9800,,,1200,2800,200,1109.068167,1500,,,,6000,,750,,,,,,,,,,,112.5,,,,,,1420.828349,,,,,,,,,,,
4516-001-01,2020-21,Mainland Rural,,,2450,,,5777.777778,,,21000,,,2000,4200,,250,,,,1563.762058,,,,417.3564753,,,,,,,,,,,,,,,,,,,,3788.875598,,,,,,,,,,,
4538-001-01,2020-21,Mainland Rural,6000,,,,,9776,,,20000,1400,,4000,,,250,,,,2696.888103,,,6000,2315.086782,,,,,,,,,,,,,,,,,,,,,,242.2222222,,,,,,,,,
4613-001-01,2020-21,Mainland Rural,,,,,,,,,2000,,,,1400,,250,,,,,,,,,,,,,,,1566.666667,,,,,,,,,,,,,,,,,,3428.571429,,,,,,
4633-001-01,2020-21,Mainland Rural,,,2500,,2100,11555.55556,,,3000,,7000,4000,5600,,450,,,,2105.064309,,,2000,921.2283044,379.0322581,,,,,,,,4333.333333,,,6000,,1300,,,,,,,,1038.888889,,,,,,,,,
4655-001-01,2020-21,Mainland Rural,,,850,,,2022.222222,,,18000,,3500,,18200,,500,,,,,,,,,,,,,,,11333.33333,,,,,15000,,,,,,,,,,,,,,,,,,,
4669-001-01,2020-21,Mainland Rural,,,875,,,,,,12000,,,1000,4200,,200,,420,,1082.604502,,,400,4085.447263,,,,833.3333333,,,,,,,,,,,,,,,,,,,,,,,,,,,
4693-001-01,2020-21,Mainland Other Urban,14000,16336.05601,5000,,3000,1176.470588,,5000,8000,1000,6000,4000,19600,3146.853147,250,5000,4900,604.8387097,4490.131579,,,,2625,,2250,,5166.666667,3846.153846,3000,,,,6000,,,,,,,,,,,,,,,5000,,,,,,
4748-001-01,2020-21,Mainland Rural,6000,,2500,,,5777.777778,,,12000,,,,16800,420,250,1000,1400,,2526.07717,,,500,5046.728972,,,,,,,,875,,,,,,,,,,13125,,1420.828349,500,4583.333333,,,,,,,,,
4764-001-04,2020-21,Mainland Rural,3000,,2625,,,,,,8000,700,,2000,8400,,125,1000,2800,,866.0836013,,,500,801.0680908,,,,,,,,25000,,,,,,,,,,,,,,,,,,,,,,,
4789-001-01,2020-21,Mainland Rural,6000,,5000,,,,1568,,9000,350,7000,2000,7000,2000,125,1714.285714,1400,100,3428.247588,3000,,3500,2403.204272,,,,791.6666667,124.8508431,11000,1666.666667,,6500,,,,,150,,,,,,,,,,,,,,,,,
4800-001-01,2020-21,Mainland Rural,,,2500,,,4333.333333,5600,,54000,1400,,4000,11200,,650,,2800,100,1623.906752,10500,4000,2000,11535.38051,,,,,170.6294855,,,6700,,,,,,675,,,,,,,,,,,,,,,,,
4825-001-01,2020-21,Mainland Rural,,,1750,,,589.3333333,,,,7000,,,,,500,,2800,,2740.192283,,,,1814.419226,,,,,,,,,17333.33333,,,,,,,,,,,,,,,,,,,,,,
4845-001-01,2020-21,Mainland Rural,,,1750,,,,,,17000,,,3500,7000,,200,,,,1293.110932,,5500,,,,,,,,,,,,,,,,,,,,,,,,,,,,,,,,,
4858-001-01,2020-21,Mainland Other Urban,,,5000,,,5647.058824,625,,7000,,,2000,8400,,250,,2800,,751.7763158,,2519.949601,,1950,,,,,,,,4893.617021,,,,,,,,,,,,,,,,,,,,,,,
4883-001-01,2020-21,Mainland Rural,12000,,1750,,,,,,,25200,4000,,,3170,200,,5600,120,1378.516399,,,,,3306.451613,,,,,,3900,,10833.33333,,,,,,,,,,,,,,,,,,,,,,
4900-001-01,2020-21,Mainland Rural,12000,,2500,,1800,,,2600,2000,350,500,6000,2800,580,120,1285.714286,1400,200,541.3022508,4500,,,826.7022697,1048.387097,1203.874539,615.7894737,,,,,,4333.333333,2453.373383,,,,,,,,,,710.4141746,,,,,,,,,,,
4918-001-01,2020-21,Mainland Rural,,,1750,,,866.6666667,,,3000,,,2000,1400,,100,,1400,,1443.472669,1500,750,,2242.990654,,,,,,2000,,,,,,,,,,,,,,,,,,,,,,,,,
4937-001-01,2020-21,Mainland Rural,12000,,2500,,,,,,18000,,3500,1000,2100,,250,,2800,500,2240,,,,1000,300,,,,,,,7000,,,,,,,,,,,,,,,,,,,,,,,
4994-001-01,2020-21,Mainland Rural,,,2500,,,,,,12000,,,,,,380,,,,1804.340836,,,,,,,2463.157895,,,,11666.66667,,,,,,,,,,,,,1420.828349,,,,,,,,,,,
5016-001-01,2020-21,Mainland Rural,,,2500,,,,,,8000,700,10000,2000,,,200,500,2800,500,601.4469453,,,,1922.563418,,2767.527675,,,1248.508431,,,,,,,,,,,,,,,,,,,,,,,,,,
5047-001-01,2020-21,Mainland Other Urban,,,3750,300,,,,,2000,,,4000,1400,721.6783217,50,,2800,1209.677419,1187.960526,,,,1539,421.4285714,3600,,,,,,,,,,4000,,,,,,,,950.6666667,,,,,,,,,,,
5068-001-01,2020-21,Mainland Rural,,,,,,,,,10000,,28000,,,,,,2800,500,,,,,,,,,,,,,,,,,,,,,,,,,,,,,,,,,,,,
5091-001-01,2020-21,Mainland Rural,,,2500,,,,,,10000,3500,,,,,250,,1400,,240.5787781,,,,280.3738318,,,,,,,,,,,,,,,,,,,,,,,,,,,,,,,
5111-001-01,2020-21,Dar Es Salaam,1791.666667,900,900,,,500,,,2475,,,4200,3043.939394,545.4545455,150,,2800,200,1428.571429,,,,583.3333333,,,,,,,,4387.5,,1462.5,181.8181818,,,,,,,,,,,,,,,,,,,,
5144-001-01,2020-21,Dar Es Salaam,7166.666667,1000,2250,,2100,1425,,1300,2200,1200,,4200,4565.909091,2787.878788,100,2000,1400,583.3333333,5857.142857,1300,,,3920,2924.127907,3661.538462,,,,4200,,1400,,,2400,,,300,,,,,,,,,,,,,,,1411.764706,,
5170-001-01,2020-21,Dar Es Salaam,,,2250,,,,,,3300,,,7000,6087.878788,,200,,700,200,2100,,,,1800,,,,,,,,3000,,,,,,,,,,,,,,,,,,,,,,,
5182-001-01,2020-21,Dar Es Salaam,7166.666667,14000,4500,10000,,,,,7700,,,5600,12175.75758,,200,4000,4200,833.3333333,2000,,1304.347826,,1050,6000,,,21000,,,,,,2250,1309.090909,,,,,,,,,,,,,,,,,,,,
5224-001-02,2020-21,Dar Es Salaam,,,3150,,,,,,6600,,,1400,1521.969697,200,250,,700,166.6666667,1857.142857,,,,840,,,,525,,1220,,,,,,,,200,,,,,,,,,5420.512821,,,,,,,,
5240-001-01,2020-21,Dar Es Salaam,,1000,1125,,,,,,7700,,,4200,15980.68182,1060.606061,150,500,2800,350,5000,,768.6956522,,4263,,,,1750,4500,2146,,50000,4000,3380,218.1818182,,,,,,,,,1426.256983,,,,,,,,,,,
5263-001-01,2020-21,Dar Es Salaam,7166.666667,3000,2250,,3000,,,,3300,,,2800,6087.878788,,200,,1400,300,1500,2600,2000,,1200,,3333.333333,,,600,,,,,1950,,9166.666667,,,,,,,,1500,,,,,,,,,,,
5283-001-01,2020-21,Dar Es Salaam,7166.666667,2190,4500,,900,2166.666667,,,3300,,,8400,10653.78788,1636.363636,100,,2800,500,9414.285714,3900,5652.173913,,4386.666667,,,2625,3500,3888.888889,3600,,,,6075,1090.909091,,,6300,,,,,,,,,,,,,,,,,
5303-001-01,2020-21,Dar Es Salaam,1791.666667,,1125,,1800,,1685,,1650,,4000,1400,3804.924242,1515.151515,100,,700,,6428.571429,,1000,,3383.333333,,3263.076923,,,2430.555556,500,,525,12000,,,,,,,,,,1050,,,1500,,,,,,,,,
5351-001-02,2020-21,Dar Es Salaam,14333.33333,,2250,,,,,1300,3300,,,1400,6087.878788,945.4545455,100,,700,416.6666667,2657.142857,650,,,1610,,1992.307692,,,4583.333333,2400,,8000,,,,,,,,,,,,,,,,,,,,,1000,,
5373-001-01,2020-21,Dar Es Salaam,10750,7000,2250,,,,,,2200,,7000,4200,5326.893939,1272.727273,200,,1400,,5600,,,,408.3333333,,3973.846154,,3500,4236.111111,2800,,,6000,,,,,,819.91,,,,,,,,,,,,,,,,
5397-001-01,2020-21,Dar Es Salaam,,,4500,,1800,,842.5,,1100,,4000,,4565.909091,2000,200,,,,3485.714286,,2608.695652,,4138.166667,4500,6203.076923,,,3800,3384,,600,12750,1950,,,,,3904.333333,,6500,,,,,,,,,,,,,,
5412-001-01,2020-21,Dar Es Salaam,3583.333333,,4500,,600,,,10400,3300,,,2800,1521.969697,1200,250,1000,8400,583.3333333,3500,,,,653.3333333,556.9767442,3635.692308,,,388.8888889,3000,,,,5600,400,,,,,,,,,3103.284425,,,2800,,,,,,,,
5427-001-01,2020-21,Dar Es Salaam,14333.33333,1000,,,,,,,3300,,,5600,10653.78788,,50,4000,2800,350,4900,3900,1600,,2041.666667,,,,,2100,,,,,4550,,,,,,,,,,,,,,,,,,,,,
5451-001-01,2020-21,Dar Es Salaam,,1000,562.5,,,,,,1100,,,,,,30,,,166.6666667,1800,,,,,,,,,600,,,600,,1300,,,,,,,,,,,,,,,,,,,,,
5469-001-01,2020-21,Dar Es Salaam,,,,,,,,,2200,,,,7609.848485,600,50,,,166.6666667,1200,,,,,,,,,400,533.3333333,,2000,,,,,,,,,,,,,,,,,,,,,,,
5487-001-01,2020-21,Dar Es Salaam,21500,,4500,6000,3900,,,,5775,,,11200,21307.57576,8000,150,,5600,416.6666667,7060,,,,3266.666667,1000,,,,1000,2886,,2000,,4550,,,,,,,,,,5891.538462,,,,,,,13500,,,,
5550-001-01,2020-21,Dar Es Salaam,7166.666667,,,,3000,6000,,2600,3300,,,,10653.78788,7000,125,3500,2800,250,6900,,869.5652174,,1166.666667,,4307.692308,,7000,3500,3000,,3000,12750,1950,,,,,,,,,,783.6576831,,,,1000,,,,,,,
5564-001-01,2020-21,Dar Es Salaam,,,1575,,,,,,,,,,7609.848485,,200,,2800,200,,,4782.608696,,4083.333333,,,,532,,,,,,4550,145.4545455,,,,,,,,,,,,,10000,,,,,,,
5602-001-01,2020-21,Dar Es Salaam,,,2250,,,2000,,,6600,,,,4565.909091,436.3636364,100,,1400,583.3333333,4500,1300,1878.26087,,3033.333333,,,1341.666667,,,,,6400,,,,,,,,,,,,,,,,,,,,,3388.235294,,
5623-001-01,2020-21,Dar Es Salaam,,,4500,,,,,,3300,,,5600,12175.75758,1636.363636,200,,4200,350,5211.428571,,3782.608696,,1592.5,,,,6125,4479.166667,,,3437.5,,2687.5,436.3636364,,,2000,,,,,,,,,,,,,,,,,
5655-001-01,2020-21,Dar Es Salaam,14333.33333,4000,4500,2000,2100,,,,1100,,,5600,3043.939394,3000,50,2000,2800,583.3333333,2500,,,,900,,,,9000,1000,2000,,1500,,1950,,,,,,,,,,,,,,,,,,,,,
5680-001-01,2020-21,Dar Es Salaam,,,2250,,,,,,4400,,,2100,3043.939394,,100,,700,250,1000,,2000,,,,,,3000,,,,,,,,,,,,,,,,,,,,,,,,,,,
5697-001-01,2020-21,Dar Es Salaam,,,900,,,1666.666667,,1170,7700,,,1400,760.9848485,,100,,700,,1071.428571,,1304.347826,,,,,1166.666667,,,,,,,1062.5,1090.909091,,,,,,,,,,,,,,,,,,,,
5715-001-02,2020-21,Dar Es Salaam,3583.333333,,1125,,,,,,2200,,,,3424.431818,,100,1500,,,,,,,,,,,1638,416.6666667,2000,,437.5,,,,,,,,,,,,,,,,,,,,,,,
5734-001-01,2020-21,Dar Es Salaam,,,1125,,,,,,2200,,,2800,6087.878788,,200,,700,,1721.428571,,,,1773.333333,,,875,,,650,,960,,4725,,,,,,,,,,,,,,,,,,,,,
5759-001-01,2020-21,Dar Es Salaam,,,1125,,,,,1170,825,,,2100,,,150,,2800,,642.8571429,,2173.913043,,291.6666667,,,,,,,,,,2000,,,,,,,,,,666.1090306,,,1555.555556,,,,,,,,
5775-001-01,2020-21,Mainland Rural,1500,,1250,,,1733.333333,,,4000,,,500,,,100,,1400,,300.7234727,,,,801.0680908,,,,,,,,500,,,,,,,,,,,,,,,,,,,,,,,
5793-001-02,2020-21,Mainland Rural,,,1250,,,,,,14000,2100,,6000,,660,250,,700,,1082.604502,,2000,2000,1602.136182,,,2463.157895,2083.333333,,,,500,,,,,9000,,,,,,,,,,,,,,,,,,
5808-001-01,2020-21,Mainland Other Urban,,3733.955659,500,,,2941.176471,,,7000,,,2000,,398.6013986,125,,1400,241.9354839,2309.210526,,,400,3150,914.2857143,,,,1269.230769,,,,,,,,,,,,,,,1000,,,,,,,,,,,
5829-001-01,2020-21,Mainland Rural,,,1250,,,,,,,,1000,1000,5600,,200,,,,541.3022508,,,2000,,,,,,,,1250,,,,,,15000,,,,,,,473.6094498,,,,,,,,,,,
5852-001-01,2020-21,Mainland Rural,,,1000,,,,,,15000,,3000,,,,250,,,,,,1400,,680.9078772,,,,,,,2916.666667,,,,,,,,,,,,,1515.550239,,,,,,,,,,,
5871-001-02,2020-21,Mainland Rural,,,5000,,,2195.555556,,,15000,,,14000,28000,,400,,2800,500,577.3890675,,3200,,1409.87984,,,,,,,,,,,,,,,,,,,,7577.751196,,,,,,,,,,,
5886-001-01,2020-21,Mainland Rural,,,2500,,,,,,18000,,,,5600,,400,,2800,300,3037.307074,,,8000,769.0253672,,,,2666.666667,,,,,,,,,,,,,,,,3506.604366,,,,,,,,,,,
5911-001-01,2020-21,Mainland Rural,,,1750,,,,,,10000,,,6000,2100,,95,11428.57143,,,2067.774598,,,,628.0373832,,11623.61624,,16666.66667,,,,,,,,,,,,,,,,,,,,,,,,,,,
5947-001-01,2020-21,Mainland Rural,,,1250,,,,,1300,1000,,,,700,,150,,700,,577.3890675,,,,169.0253672,588.7096774,,,1666.666667,,,,720,,,,,,,,,,4620,,494.921875,,,,175,,,,,,,
5966-001-01,2020-21,Mainland Rural,3000,,2500,,1800,2311.111111,,,6000,,,2000,2800,5000,200,,2800,200,2826.800643,,,,961.2817089,1088.709677,,,,749.1050584,2000,,2000,,,,,,,,,,,,,1000,1111.111111,,,,,,,,,
6016-001-02,2020-21,Mainland Other Urban,7000,1750.291715,5000,900,2000,2205.882353,6125,3333.333333,500,,,1000,5600,2097.902098,250,,2800,375,5708.881579,1400,,357.1428571,2100,2500,,947.761194,,2625,2000,,,,2416.666667,,,,,,,,,,,,2500,984.6153846,,,,,,,,
6040-001-01,2020-21,Mainland Rural,,,2500,,,,,,10000,,,,,,200,,1400,,1202.893891,,1000,,602.4032043,500,,,,,,,,,,,,,,,,,,,,,,,,,,,,,,
6061-001-02,2020-21,Mainland Other Urban,3500,1983.663944,,,4000,,,1500,3000,,1500,,1400,2000,62,2000,2800,604.8387097,5131.578947,1400,,428.5714286,150,2000,,,,4200,3000,,,,1000,,,,,,,3500,,,1333.333333,,1000,,,,,,,,,
6095-001-01,2020-21,Mainland Rural,,,2500,,,10111.11111,,,7000,,7000,,8400,,300,,2800,500,3007.234727,,,,,1774.193548,6918.819188,,,,,5833.333333,,,,,,,,,,,,,,,,,,,,,,,,
6111-001-02,2020-21,Mainland Rural,,,875,,,2426.666667,,,,,,,1400,1000,100,,,160,1202.893891,,,,1001.335113,,14944.64945,,,,,,,,,,,,,,,,,,795.6638756,,,,,,,,,,,
6134-001-01,2020-21,Mainland Rural,,,1250,,,,,,5250,,,1500,,,200,,,,2480.367203,,,,,,3000,,3708.333333,,,,,,,,,,,,,,,,2048.36087,,,,,,,,,,,
6155-001-01,2020-21,Mainland Rural,,,1250,,1500,,,,6000,,,3500,,,300,,700,500,3222.552733,,2400,,1858.477971,,17712.17712,,516.6666667,,,,,,,,,,,,,,7000,,,,,3589.74359,,,,,,,,
6212-001-02,2020-21,Mainland Rural,,,,,,,,,2000,,,7000,,,200,,,,,,,,,,4250.369004,,,,,,,,,,,,,,,,,,,1500,,,,,,,,,,
6229-001-01,2020-21,Mainland Other Urban,,,1750,,,2352.941176,,,6000,,,6000,7000,,200,,1400,,1539.473684,,,,,,12150,,,,,,,,,,,,,,,,,,,,,,,,,,,,,
6247-001-01,2020-21,Mainland Rural,,,1500,,,,,,5000,,7000,8000,,,125,,,,601.4469453,,,1000,801.0680908,,22140.2214,,8333.333333,,,,,,,,,,,,,,,,,,,,,,,,,,,
6269-001-01,2020-21,Mainland Rural,6000,1920,1750,,,3258.666667,,,2000,,3000,4000,1400,,250,2000,2800,,2992.8,,,,535.9145527,,24907.74908,875.2421053,9125,685.8472979,,,,,,,,1500,,500,,,5250,,,,,,1050,,,,,,2000,
6284-001-02,2020-21,Zanzibar,,4000,4000,,3166.666667,,,,,,6000,,6720,,200,,,250,4800,4500,6000,,527.7777778,8000,12000,,21964.28571,,1000,,,15000,8400,,,,,,,,,,,,,,,,,,,,,
6301-001-02,2020-21,Zanzibar,,2914.285714,2000,,,,,,1050,,,,11760,,250,,1500,150,672,,,,1477.777778,4000,4000,,8785.714286,,500,,,,,,,,,,,,,,,,,,,,,,,,,
6326-001-01,2020-21,Zanzibar,,,,,,,,,,,,,6720,,200,,500,100,,,3000,,527.7777778,4000,,,2196.428571,,,,,,600,,,,,,,,,,,,,,,,,,,2600,,
6345-001-01,2020-21,Zanzibar,,4000,,,,,,,2800,,,,8400,,200,,3000,350,2400,,18000,,3166.666667,,,,2196.428571,600,,,,,8400,,,,,,,,,,,,,,,,,,,,,
6360-001-01,2020-21,Zanzibar,,451.4285714,4000,,,,,5000,,,,2800,5040,,300,,2000,,3200,1500,1500,,,,4000,,4392.857143,,500,,,,7200,5000,,2200,,,,,,,,,,,,,,,,,,
6383-001-01,2020-21,Zanzibar,2500,,2000,,,,,,4200,,,,8400,,250,,1000,250,1600,,6000,,,,,,8785.714286,,,,,,3120,6250,,,,,,,,,,,,,,,,,,,,
6398-001-01,2020-21,Zanzibar,,,2400,,,500,,,1400,,,2800,13440,,300,,1000,100,672,3000,,,2850,,,,13178.57143,840,1000,,,,5880,,,,,,,,,,,,,,,1000,,,,,,
6441-001-01,2020-21,Mainland Other Urban,7000,,2625,,,,,1500,10000,,3000,2000,19600,4895.104895,167,5000,2800,169.3548387,1975.657895,6300,10079.7984,1000,2310,,,,38750,3365.384615,,,1794.326241,,3000,,,,,,,,,,5333.333333,,,,,,,,,,,
6456-001-01,2020-21,Mainland Rural,,,600,,,,,,28000,,,,,,200,,,,507.6212219,,,,1401.869159,,,,825,,,,,,,,,,,,,,,,2067.305248,,1466.666667,,,,,,,,,
6472-001-01,2020-21,Mainland Rural,,,2625,,,,,,10000,,,2000,700,222,209,,588,,3368.102894,,500,1622,241.1214953,,,197.4631579,2116.666667,,,,50,,,,,,320,,,,,,947.2188995,,,,,,,,,,,
6497-001-01,2020-21,Mainland Rural,,,,,,,,,18000,,,2000,2800,,250,,,,2526.07717,,,,480.6408545,,1383.763838,,2500,,,,,,,,,,,,,,,,,,,,,1200,,,,,,
6514-001-02,2020-21,Mainland Rural,,,,,,,,,15750,,,7000,,,300,,,,721.7363344,,,,1922.563418,,,,1666.666667,,,,,,,,,,,,,,,,,,,,,1200,,,,,,
6534-001-01,2020-21,Mainland Rural,,,5000,,,,,,20000,,,10000,4200,,400,,,,1545.71865,,,,1666.221629,,,,575,,,,,,,,,,,,,,,,,,,,,,,,,,,
6554-001-01,2020-21,Mainland Other Urban,,,2270,,,,,,5000,,,2000,,,209,,1400,,578.5855263,,,,225.75,,,,,,,,,,,,,,,,,,,,,,,,,,,,,,,
6568-001-01,2020-21,Mainland Rural,,,1000,,,,,,30000,,,2000,28000,,1000,,,,1082.604502,,,,6568.758344,,,,3333.333333,,,,,,,,,,,,,,,,11840.23624,,,,,,,,,,,
6586-001-01,2020-21,Mainland Rural,,,,,,,,,14000,,,6000,,,,,,,,,,,1321.76235,,,,,,,,,,,,,,,,,,,,9945.798445,,,,,,,,,,,
6609-001-01,2020-21,Mainland Rural,,,,,,,,,5000,,,6000,4200,681,255,,,,1023.662701,,250.5,,257.1428571,,,,,388.7022914,,431.6666667,,,,,,,,,,,,,,,,,,1680,,,,,,
6625-001-01,2020-21,Mainland Other Urban,,,1250,,,,,,5000,,,4000,,,250,,,,1072.5,,2068.878622,,783.75,1367.142857,1967.4,3063.164179,,500,,,489.3617021,,,,,,,,,,,,1094,,1693.75,,1000,,,,,,,
6648-001-03,2020-21,Mainland Rural,,,1250,,,,,,,2450,,2000,,14000,100,,1400,200,1804.340836,,,,160.2136182,5645.16129,3321.03321,,416.6666667,1664.677907,,,,,,,,,,,,,,,947.2188995,,,1025.641026,,,,,,,,
6682-001-01,2020-21,Mainland Rural,3000,1000,1250,1000,1200,,,,1000,175,,2000,700,480,100,,700,60,1202.893891,,,,1001.335113,322.5806452,1107.01107,,2333.333333,332.9355815,1500,,1250,6500,,,,,,,,,,,,,,,,,,,,,,
6705-001-01,2020-21,Mainland Rural,,,,,,,,,14000,,,,,,250,,,,962.3151125,,,,7000,,12730.62731,,,,,,,,,,,,,,,,,,,,,,,,,,,,,
6720-001-01,2020-21,Mainland Rural,,,1250,,,2022.222222,,,5000,,5000,,,,250,,1400,,2405.787781,,,,200.2670227,,11070.1107,,,,,,,,,,,,,,,,,,,,,,,,,,,,,
6741-001-01,2020-21,Mainland Rural,3000,,2500,1000,,2888.888889,,,2000,2800,7000,2000,4200,3000,250,,5600,3000,2405.787781,,2000,,1602.136182,1612.903226,3321.03321,821.0526316,,,,,,,,,,,,,,,,,,,,,,,,,,,,
6795-001-01,2020-21,Mainland Rural,,,5000,,,,,,2000,700,1750,2000,,1000,200,,2800,500,1804.340836,,,,1762.3498,1129.032258,1660.516605,,,,1000,,,,,,,,,,,,,,,,2222.222222,,,,,,,,,
6821-001-02,2020-21,Zanzibar,10000,2857.142857,4000,,,,,2500,2800,,3000,2800,3360,2000,250,,2000,350,4800,,,,,,,,13178.57143,,1000,,,7500,4800,1250,,,,,,,,,6000,,,,,,,,,,,
6838-001-01,2020-21,Zanzibar,,,,,,1200,,,,,,,6720,,250,,1000,200,3200,,9000,,,1000,12000,,4392.857143,,,,,,4200,,,,,,,,,,,,,,,,,,,,,
6857-001-01,2020-21,Zanzibar,,902.8571429,,,,1000,,,1050,,,,,6400,200,,500,100,,,,,1477.777778,,,,,672,600,,,,4200,,,,,,,,,,,,,,,,,,,,,
6895-001-01,2020-21,Zanzibar,,,4000,,,,,,2800,,,5600,35280,,400,,2000,300,3200,,4500,,1055.555556,,10000,,8785.714286,20000,,,,,6000,,,,,,,,,,,,,,,,,,,,,
6934-001-01,2020-21,Mainland Rural,,,,,,,,,,,,,1400,,100,,672,100,,,750,,,,,,4166.666667,873.9559014,,,,,1154.528651,,,,,,,,,,,,,,,,,,,,,
6952-001-01,2020-21,Mainland Rural,,,1750,,,2888.888889,,,10000,,,2000,4200,10000,500,,,,,,5000,,2403.204272,,,1231.578947,,4161.694769,,,,,2886.321627,,,,,,,,,,,,,,,,,,,,,
6970-001-01,2020-21,Mainland Rural,,,5000,,,,2800,,10000,350,,2000,5600,,500,1000,2800,600,1600,4500,,1000,,,,,,1500,,,1000,,,,,,281.25,,,,,,,,,,,,,,,,,
6987-001-01,2020-21,Mainland Rural,,,1250,,,,,,10000,,,1000,2100,,300,,1400,100,1118.691318,,1750,,1201.602136,,,492.6315789,,,,,1200,,2693.900185,,,,,,,,,,,,,,,,,,,,,
7007-001-01,2020-21,Mainland Other Urban,21000,4667.444574,5000,,7500,,,,1000,,,,2800,,250,1000,1400,,3848.684211,,,714.2857143,750,,8100,,,6730.769231,1000,,19574.46809,,8333.333333,,,,,,6500,,,,,,,984.6153846,,,,,,,,
7028-001-01,2020-21,Mainland Rural,9000,5000,5000,3500,,,,,3500,700,6000,3000,4200,,150,,2800,250,1924.630225,,,,801.0680908,,,615.7894737,,,1500,,,,,,,,,,,,,,,,,,,,,,,,,
7048-001-01,2020-21,Mainland Rural,,,2500,,,,,,10000,,7000,3500,,,100,,,,1202.893891,,,,1602.136182,,,,,,,,,,,,,,,,,,,,2368.047249,,,,,,,,,,,
7087-001-01,2020-21,Mainland Other Urban,,2333.722287,1250,1200,,35.29411765,,,1000,1500,2250,2000,,6993.006993,100,,2800,,3592.105263,,2519.949601,2857.142857,600,2857.142857,,,,4807.692308,,,13049.64539,,,387.5968992,,,,,,,,,9333.333333,,,,,,,,,,,
7103-001-01,2020-21,Mainland Rural,,,450,,,,,,3500,,,500,700,,200,,,,360.8681672,,,,961.2817089,,,,,,,,,,,,,,,,,,,,,,,,,,,,,,,
7118-001-01,2020-21,Mainland Rural,,,875,,,,,,42000,,,,,,350,,,,962.3151125,,,,3845.126836,,,,2500,,,,,,,,,,,,,,,,2368.047249,,,,,,,,,,,
7139-001-01,2020-21,Mainland Other Urban,3500,,1250,3600,,8823.529412,,3000,4500,,,1000,5250,,100,,2100,120.9677419,641.4473684,700,,,375,,900,,,,750,,,,1000,,,,,,,,,,833.3333333,,,,1000,,,,,,,
7185-001-01,2020-21,Mainland Rural,18000,5000,5000,,,11555.55556,,,15000,1400,7000,4000,12600,2000,300,,2800,500,3608.681672,,,,4806.408545,1612.903226,2214.02214,1642.105263,,,3000,,5000,86666.66667,,,,3000,,,,,,,9945.798445,,,,,,,,,,,
7198-001-01,2020-21,Mainland Rural,3000,,5000,,,4356.444444,,,24000,2100,,6000,9800,946,500,,2100,,3928.651447,,,7000,3489.452603,,,,,1925.2,5870,,3410,,,,,,,,,,,,,,,,,,,,,,,
7219-001-01,2020-21,Mainland Rural,,,1250,3000,,,,,10000,,7000,4000,,4830,250,,1400,1000,384.926045,,,500,1978.638184,,8856.088561,1642.105263,,,,,,,,,,,,,,,,,,,,,,,,,,,,
7237-001-01,2020-21,Mainland Rural,,,,1000,900,,,,21000,679.7,,10000,4200,,125,,,,572.577492,,,,589.5861148,,,,,,1247,,,4333.333333,,,,,,,,,,,,1000,375,,,,,,,,,
7253-001-01,2020-21,Mainland Rural,,,3500,,,2080,,,7000,,,4000,,,250,,,,1251.009646,,,4000,881.1748999,,,,,,,500,,,,,,,,,,5000,,,2841.656699,,,,,,,,,,,
7272-001-01,2020-21,Mainland Rural,6000,,,,,,,,15000,1050,1000,4000,5600,,300,1500,2100,200,2105.064309,,,500,200.2670227,,,,,,,,3000,,,,,,168.75,,,,,,3788.875598,,,,,,,,,,,
7295-001-01,2020-21,Mainland Other Urban,,,,,,,,,2000,4000,,,7000,,250,,2800,120.9677419,1252.105263,,,2782.857143,511.5,,,,,,,,,,,,40000,1666.666667,,,,,,,2082.666667,,,,,,,,,,,
7315-001-02,2020-21,Zanzibar,,,2000,,,,,,4200,,,2800,5040,,100,,1000,350,3200,4500,,,527.7777778,,,,13178.57143,2000,1000,,,,5040,,,,,,,,,,,,,,,,,,,,,
7353-001-01,2020-21,Zanzibar,,2857.142857,1000,,,,,,,,,1400,16800,,200,,500,100,1600,,,,1055.555556,,16000,,13178.57143,,500,,,,8400,250,,,,,,,,,,,,,,,,,,,,
7365-001-01,2020-21,Zanzibar,,,2000,,,,,,,,,,10080,,250,,1000,250,1600,4500,6000,,,,,,8785.714286,2000,500,,,,11760,,,,,,,,,,,,,666.6666667,,,,,,,,
7391-001-01,2020-21,Zanzibar,10000,5714.285714,2000,,,,,,,,,2800,16800,2000,200,,1000,100,3200,,,,,1000,,,4392.857143,2000,1000,,,,8400,375,,,,,,,,,,,,,,,,,,,,
7405-001-01,2020-21,Zanzibar,10000,,4000,,19000,,,,,,3000,1400,5040,,250,,10000,,1600,7500,,,,,,,,,1000,,,15000,3360,,,,,,,,,,,,,,,8000,,,,,,
7441-001-01,2020-21,Zanzibar,,,1000,,,,,,700,,,,5040,,200,,500,150,1600,,,,1055.555556,,4000,,7687.5,1344,1000,,,,4200,,,,,,,,,,,,,,,,,,,,,
7460-001-01,2020-21,Zanzibar,,,4000,,950,,,,2800,,,5600,35280,,250,,4000,350,4800,7500,,59523.80952,,,,,,1000,4000,,,,5040,,,550,,,,,,,,,,,,,,,,,,
7479-001-02,2020-21,Zanzibar,,14000,,,,,,,,,,2100,23520,,300,,1000,,1600,,,,1055.555556,,,,4392.857143,,500,,,,5040,,,,,,,,,,,,,,,,,,,,,
7523-001-01,2020-21,Zanzibar,,5000,3000,,950,500,,,1400,,,,20160,,300,,2000,200,3200,,,,1688.888889,,,,17571.42857,,1000,,,,5880,125,,,,,,,,,,,,,,,,,,,,
7542-001-01,2020-21,Zanzibar,20000,,8000,,,,,5000,,,,,3360,,400,,2000,200,2400,6000,4500,,,,14000,,13178.57143,,2000,,,,6720,1875,,,,,,,,,2000,,,2000,,2000,,,,,,
7562-001-01,2020-21,Zanzibar,5000,7000,2000,,,,,,,,,700,11760,,200,,1000,150,672,1500,,,,,,,12300,,2000,,,,3360,,,,1511.111111,,,,,,,,,,,1000,,,,,,
7578-001-02,2020-21,Zanzibar,,12640,,,,,,,2800,,,,6720,,200,,1500,100,3200,,3000,,,,,,3294.642857,1344,750,,,,1176,,,,,,,,,,,,,,,,,,,,,
7600-001-01,2020-21,Zanzibar,,,2400,,,,,,,,,,11760,,200,,1500,150,3200,,,,,,,,4392.857143,672,1000,,10500,7500,8400,,,,,,,,,,,,,,,,,,,,,
7633-001-01,2020-21,Mainland Rural,,,,,,,,,3000,,,2000,7000,431,50,500,,200,1720.138264,,,,700.9345794,65250,545.7564576,,,246.3723303,1000,,,,1041,,,,,,,,,,,,,1000,,,,,,,,
7675-001-01,2020-21,Mainland Other Urban,,,5000,,,,,,1000,,,,9800,,250,,2800,,1109.703947,,,,411.75,,,,1674,516.3461538,,,,,65000,58.13953488,,,,,,7000,,,,,,,,,,,,,,
7695-001-01,2020-21,Mainland Rural,,,2500,,,4622.222222,,,7000,,,6000,9800,,125,,,,,,,,,,,,,,,,,,,,,,,,,,,,,,,,,,,,,,,
7710-001-02,2020-21,Mainland Other Urban,,1400.233372,375000,1200,,,1750,833.3333333,4000,,4500,2000,9800,291.6083916,30,1000,2800,,1081.480263,,565.3086938,,400.5,645.7142857,283.5,,,146.1538462,2000,,750.3546099,7500,1620,,,2500,126.6666667,,,,,,,,,,,,,,,,,
7729-001-01,2020-21,Mainland Rural,,,,,,5777.777778,,,16000,,,,,,100,,,200,760.2289389,,,2000,337.2496662,,,585,,,,,112.5,,,,,,,,,,,,,,365,,,,,,,,,
7745-001-02,2020-21,Mainland Other Urban,,,,,,,,,4000,,1500,,,,200,,350,1209.677419,1000,,,2857.142857,627.75,,,,1291.666667,,,,800,,,,,,,,,,,,500,,500,,,,,,,,,
7765-001-01,2020-21,Mainland Rural,,,,,,1941.333333,,,,,,,,,150,,,,,,1243.5,,2904.672897,,,,,,,,,,,,,,,,,,,,,,,,3675,,,,,,,
7786-001-01,2020-21,Mainland Rural,,,,,,,,,14000,,,8000,,,133,,,,,,,,,,,,,,,,,,,,,,,,,,,,,,,,,,,,,,,
7802-001-01,2020-21,Mainland Rural,,,,,1800,,,,5000,,,,8400,6000,250,,5600,150,5413.022508,,1500,,1762.3498,,3321.03321,,520.8333333,,,,,,6000,,3000,1500,,,,,,,1184.023624,,,,2100,,,,,,,
7822-001-01,2020-21,Mainland Rural,,,905,,,2634.666667,,,6000,,,2000,4200,,500,,2800,800,1832.007395,,3904,,2830.974633,,874.5387454,,,3209.499006,,,,,2101.242144,,,,,,,,,,,,,,,,,,,,,
7843-001-01,2020-21,Mainland Rural,,,,,,,,,,,,,,,200,,,,,,1500,,,,,,729.1666667,1248.508431,,3500,,,,,,,,,,,,,,,,,5600,,,,,,,
7881-001-01,2020-21,Mainland Other Urban,,,3750,,,,,,5000,1000,1500,2000,9800,,500,1071.428571,1400,,6414.473684,2800,,,1500,1428.571429,900,,5166.666667,,3000,,,,4166.666667,,,,,,,,,,,,,,,,,,,,,
7904-001-01,2020-21,Mainland Rural,,,1250,,,1444.444444,,,5250,350,,500,1400,,150,,1400,,300.7234727,,1000,2000,400.5340454,150,553.5055351,,1041.666667,,,,3500,4333.333333,1000,,,,,,,,,,,,,,,,,,,,,
7918-001-01,2020-21,Mainland Rural,,,3000,,,11180,,,21000,,,,,17106,250,,2800,,1680.442765,,,,2315.086782,113293.5484,,,8225,43555.46511,,,,,,,,,240,,,,,,11665.00075,,,,,,,,,,,
7936-001-01,2020-21,Mainland Rural,6000,,725,,,,,,,6300,,2000,5600,,110,,2800,,3263.451125,4500,,,,,,,,,,,,7366.666667,,,,,,,,,,,8091.617449,,,,5600,,,,,,,
7958-001-01,2020-21,Mainland Other Urban,14000,,5000,,,,,,20000,,7500,6000,21000,,100,2500,700,1209.677419,2351.546053,,5976.48047,,,,,,8344.166667,,,,2622.978723,,,,,,,,,,,,,,,,,,,,,,,
7979-001-01,2020-21,Mainland Rural,,,5000,3000,265,,2800,,20000,,,8000,5600,,400,1500,5600,210,2083.412219,4500,,32472,1951.401869,,,280.3894737,4075,1534.833031,,,,32500,,,108000,,1100,,,,,,15424.51256,,,4393.846154,,,,,,,,
7998-001-01,2020-21,Mainland Other Urban,7000,,1750,,,,12500,1500,3000,,6000,4000,19600,,120,3000,2800,1209.677419,2836.480263,2800,,1428.571429,538.5,,668.7,234.0970149,6628.833333,404.8076923,1500,,,,,,,,247.826087,,,,,,,,,,,,,,,,,
8014-001-01,2020-21,Mainland Rural,,,,,,5824,,,7000,,14000,6000,14000,,300,,,,540.0993569,,,,837.1161549,,,,,,,,,,,,,,,,,,,,733.6210377,,,,,,,,,,,
8030-001-01,2020-21,Mainland Rural,,,875,,,,,,4000,,1000,2000,1400,,200,,700,,821.5765273,,,,2787.716956,,,,1458.333333,,,,,,,,,,,,,,,,1271.641373,,,,,,,,,,,
8068-001-02,2020-21,Mainland Rural,,,3000,,,,,,12500,,,5500,7000,,250,,,,2534.497428,,,5000,,,,,2650,,,,,,,,,,,,,,,,10182.60317,,,,,,,,,,,
8090-001-01,2020-21,Mainland Rural,,,,,900,5777.777778,,,5000,700,,2000,,,100,,,100,508.8241158,,,,285.1802403,149.1935484,,206.4947368,470.8333333,179.785214,,,1252.5,,,,,,,,,,,,,3500,298.8888889,971.2820513,,,,,,,,
8108-001-01,2020-21,Mainland Rural,,,,,,462.2222222,,,10000,,,,,,200,,,,,,,,2403.204272,,,,,382.8759187,,,,,,,,,,,,,,,,,,,,,,,,,,
8131-001-01,2020-21,Mainland Other Urban,,,,,,,,,1000,,,,,300,31,,,120.9677419,234.7697368,,,,240.75,792.8571429,,317.8159204,,,,,,,,,,,,,,,,,778.6666667,,,,,,,,,,,
8146-001-01,2020-21,Mainland Other Urban,,3000,,,,,,,6000,,,2000,4200,,100,,2800,423.3870968,,,,,1500,,,,,1500,,,3000,,,,,,,,,,,,,,,,,,,,,,,
8173-001-01,2020-21,Mainland Rural,,,625,,,,,,10000,,,,,,250,,,,,,6000,,720.9612817,,2214.02214,,,1997.613489,,,,,1443.160813,,,,,,,,,,,,1166.666667,,1400,,,,,,,
8182-001-01,2020-21,Mainland Rural,,,5000,,,,3360,1300,5250,,,,4200,1455,250,,2800,700,5633.15209,,2410,,681.7089453,,1155.719557,,7016.666667,259.6897536,,,3000,,3500,,,,,,,,,,,,,,,,,,,,,
8243-001-02,2020-21,Mainland Other Urban,,,1250,,,,,,6000,500,1500,500,1400,,100,,,,2052.631579,,629.9874003,571.4285714,637.5,,,631.840796,18083.33333,,,,,,,,2800,,,,,,,,666.6666667,,,,,,,,,,,
8262-001-01,2020-21,Mainland Rural,3000,,1250,,500,1444.444444,,,4000,,,1500,1400,500,150,,700,200,1202.893891,,500,,801.0680908,,,,1041.666667,208.0847384,500,,625,,962.1072089,,3000,,,,223.2142857,,,,,,,,,,,,,,,
8285-001-01,2020-21,Mainland Rural,,,1000,,,433.3333333,280,,4000,,,3000,,,250,,700,250,2044.919614,,,200,680.9078772,,,,,,,,,,,,,,100,,,,,,1255.065042,,,,,,,,,,,
8300-001-01,2020-21,Mainland Other Urban,1750,,1400,,,,,,1000,,,,2100,,250,,350,254.0322581,1616.447368,,,285.7142857,,,,,4453.666667,,,,,,,,,,,,,,,,,,,,375,,,,,,,
8318-001-01,2020-21,Mainland Other Urban,,,1500,,,,,,5250,,,500,,,250,,,,320.7236842,,,,187.5,,,,,,,,,,,,,,,,,,,,,,,,,,,,,,,
8340-001-01,2020-21,Mainland Rural,6000,,1200,,,947.5555556,,,10000,,,2000,,,250,,1400,120,928.6340836,,,1000,1998.664887,,,,,1118.663554,,,3450,,,,6000,,,,,,,,,,,,,,,,,,,
8359-001-01,2020-21,Mainland Rural,,,1750,,,,,,20000,,,,,,400,,,,1314.763023,,,24000,1216.82243,,,,2900,,,,,,,,,,,,,,,,,,,,,,,,,,,
8417-001-01,2020-21,Mainland Rural,,,3000,35000,,2080,,,16000,,,4000,33600,,1000,,,,962.3151125,,,6000,,,,,,,,2000,,13000,,,,,,,,,,,,,,,,,,,,,,
8430-001-02,2020-21,Mainland Rural,,12402.5,10000,,,,,,,,21000,20000,28000,,200,22857.14286,8400,610,4550.547588,,15250,40000,454.2056075,,,,,1335.071682,,,,8666.666667,,,90000,10500,,,,,,,7104.141746,,2916.666667,,16800,,,,,,,
8452-001-01,2020-21,Mainland Rural,3000,,875,,600,1500,,,8000,2100,,1000,8400,,125,,700,,1600,,,1000,600.8010681,,,,,,,416.6666667,,,,,,,,,,,,,,,,,,,,,,,,
8487-001-01,2020-21,Mainland Rural,,,5000,,,,,,15000,,7000,,19600,,500,,8400,,4426.649518,,,,1810.413885,,,,3583.333333,,,,,,,,,,,,,,,,21312.42524,,,,,,,,,,,
8506-001-01,2020-21,Mainland Rural,,,5000,3000,,,2800,,42000,,35000,,12600,,1000,3000,8400,,6720,,,,2000,,,1500,,,,,,,,,,,1125,,,,8750,,,,,,,3428.571429,,,,,,100
8526-001-01,2020-21,Mainland Rural,,,1400,,,1178.666667,,,17000,,,,,,500,,,,1750.210611,,,14000,8240.58745,,,1553.431579,,,,,,,,,,,,,,,,,17744.72525,,,,,,,,,,,
8549-001-01,2020-21,Mainland Rural,6000,,2000,,,6355.555556,,,20000,,6000,12000,25200,,350,3000,2100,500,2225.353698,6000,,,2523.364486,,,,3958.333333,,,,,,,,12000,,,,,,,,,,,,,,,,,,,
8569-001-01,2020-21,Mainland Rural,,,875,500,35000,,,,8000,1400,3500,2000,3500,,300,,,,962.3151125,,,7000,2323.097463,,,2052.631579,1875,,,3833.333333,,8666.666667,,,,2250,,,,,,,9945.798445,,,,,,,,,,,
8583-001-01,2020-21,Mainland Rural,,,3500,,,1155.555556,,,15000,,,,9800,1420,350,2500,1400,,4883.749196,,,1000,4205.607477,,,3284.210526,3541.666667,,,,,,,,,,,,,,,,14208.28349,,,,,,,,,,,
8602-001-01,2020-21,Mainland Other Urban,,,2500,,,14705.88235,,,10000,,,,,,250,,700,,320.7236842,,,,375,,,,,,,,,,,,,,,,,,,,4000,,,,,,,,,,,
8623-001-01,2020-21,Mainland Rural,12000,,5000,1000,,,,2340,9000,,,,5600,,250,,2800,250,3849.26045,3000,750,,500.6675567,,,,10208.33333,2000,2000,,,,,,6000,,,,,,,,2841.656699,,,,,,,,,,,
8645-001-01,2020-21,Mainland Other Urban,,,5000,,,,,,10000,2000,,2000,29400,2937.062937,300,,5600,483.8709677,4105.263158,,1679.966401,,15750,3500,,1579.60199,5166.666667,3076.923077,,,,,,,8000,,,,,,,,4666.666667,,,,,,,,,,,
8659-001-01,2020-21,Mainland Rural,3000,,2500,,,1444.444444,,,4000,,,1000,4200,,300,,2800,100,1202.893891,,1000,,400.5340454,,,,,,,,1250,,,,,,,,,,,,,,,,,,,,,,,
8683-001-01,2020-21,Mainland Rural,,,5000,6000,1200,,,,15000,,,4000,8400,15000,250,,,,3608.681672,,1000,600,4005.340454,,,1231.578947,,,,,,4333.333333,,,12000,,,,,,,,1420.828349,,,,,,,,,,,
8695-001-01,2020-21,Mainland Rural,,,1750,6000,,4622.222222,,,18000,,,4000,21000,,300,,,,216.5209003,,,,,,,,5000,,,,,7800,,,,,,,,,,,35047.09928,,,,,,,,,,,
8718-001-01,2020-21,Mainland Rural,,,1250,,,,,,3000,,,,,,125,14000,,,1120,,,,3263.551402,,,,,,,,,,,,,,,,,,,,2368.047249,,,,,,,,,,,
8759-001-01,2020-21,Mainland Rural,,,,,,,,,8500,,,,,,125,,,,,,,,,,,,,,,4166.666667,,,,,,,,,,,,,,,,,,,,,,,,
8777-001-01,2020-21,Mainland Rural,,,1500,,,,,,2500,,500,1000,2800,,250,,1400,200,1443.472669,,,,480.6408545,,,1313.684211,6250,,,,,,,,,,,,,,,,3409.988038,,6777.777778,,,,,,,,,
8816-001-01,2020-21,Mainland Rural,3000,,1250,2000,,4333.333333,,,14000,,,1000,,,250,,,,300.7234727,,2500,,2403.204272,2016.129032,,821.0526316,8333.333333,,,833.3333333,,,,,,,,,,,,,473.6094498,,13888.88889,,10500,,,,,,,
8830-001-01,2020-21,Mainland Rural,,,875,,,,,,3500,,,3500,,,150,,,,,,,,456.6088117,,,,,,,,,,,,,,,,,,,,757.7751196,,,,,,,,,,,
8848-001-01,2020-21,Mainland Rural,,,875,,2700,,,,19000,2275,9000,7500,4900,,250,,2800,500,1152.372347,4500,2640,5732,597.5967957,,4533.210332,,,,,,,10833.33333,,,,,,,,,,,,,,,5950,,,,,,,
8866-001-01,2020-21,Mainland Rural,,1250,2500,2000,,,,,2000,,3000,1000,2800,,250,,1400,,320,,,,1000,,,,,,8000,,,,,,,,,,,,,,,,,,,,,,,,,
8923-001-01,2020-21,Mainland Other Urban,,1866.97783,5000,,,4411.764706,,,10000,,,8000,19600,,500,,4900,,923.6842105,5600,7559.848803,,630,,,537.0646766,2583.333333,605.7692308,,,,7500,7400,581.3953488,,,,,,,,,,,,,,,,,,,,
8942-001-01,2020-21,Mainland Rural,,,1250,1000,,2888.888889,,,10000,700,,6000,2800,,500,,4900,300,1202.893891,,1000,,400.5340454,,1660.516605,,,2497.016861,,,6500,4333.333333,962.1072089,,,,,,,,,,,,,1025.641026,,,,,,,,
8966-001-01,2020-21,Mainland Rural,,,1250,,,,,,24000,1400,,16000,,,250,,,,902.170418,,,,961.2817089,,,,,,,416.6666667,,,,,,,,,,,,,,,,,,,,,,,,
9004-001-99,2020-21,Nan,7000,2000,4600,,,,875,,2000,,,1000,,,100,,1400,,3000,,,,441.6666667,4666.666667,,,,,500,,200,12000,,,,,,,,,6000,,,,,,,,,15000,3500,,,
9016-001-99,2020-21,Nan,21000,2172.444444,4600,,,,,4500,7000,,,1000,6000,2000,250,,,500,2171.078431,,1600,,854.0925267,3115.384615,1666.666667,,,2000,1000,,1000,12000,,,8000,,,,,,,,800,,,,,,,,,,,
9028-001-99,2020-21,Nan,3500,1885.866667,2300,,822.2905028,,2500,,3500,600,150,1000,3000,,100,1428.571429,4900,500,1432.659314,700,,,306.9395018,196,833.3333333,,,103.7181996,1000,,,,,,,1000,,,,,,,800,,,,,,,,,,,
9052-001-99,2020-21,Nan,,600.8888889,4600,,,,,,7000,,,,1125,,125,500,1400,,807.6923077,,,,500,,2000,,,,250,,440,,,,4000,,,,,,,,,500,1659.428571,,,,,,,,,
9064-001-99,2020-21,Nan,7000,924.4444444,2300,,,3048.780488,,,3500,,,1000,3750,890.0862069,120,857.1428571,1400,130,2524.509804,1750,,,1334.519573,,1250,,,,,,880,,,,,,600,,,,,,800,,,,,,,,,,,
9076-001-99,2020-21,Nan,,,1610,,3900,,,,6000,,,,,,150,1000,,150,1730.769231,,,,889.6797153,,,,,,,,,,,,,,,,,,,,,,,,,,,,,,,
9088-001-99,2020-21,Nan,,924.4444444,,,,,,1350,5000,,,1000,3000,,200,,1400,,946.6911765,700,800,1525,,,,,387.5968992,,,,600,,,,,6000,,,,,,,,,838.0952381,,,,,,,,,
9100-001-99,2020-21,Nan,10500,5200,9200,1500,,,7500,,1000,,4200,1000,750,2500,250,2000,1400,500,2524.509804,2800,,,1545.833333,4500,,,1937.984496,,4500,,,,600,1000,,,,2556.451613,,,,,,,,,,,,,,,,
9112-001-99,2020-21,Nan,,2080,1536.4,,,,,,1000,,1200,500,6000,983.3333333,125,1000,1400,120,1122.144608,,1424,,573.8434164,1738.333333,193.3333333,,844.9612403,,530,,,6000,,,,,,,,,,,,,,,,,,,10000,,,
9124-001-99,2020-21,Nan,10500,5546.666667,4600,,3250,18000,1250,4050,1500,,3600,2000,3375,1000,70,3000,2800,1000,5049.019608,,1600,,1325,1384.615385,4000,,7751.937984,1000,3000,,1200,16000,3150,,,,,,,,,,,,1571.428571,,,,,,,,,
9136-001-99,2020-21,Nan,3500,2773.333333,2300,,1300,1219.512195,,2400,1000,,,2000,3000,720.545977,170,,1400,150,2272.058824,,960,,1868.327402,805,1083.333333,,1937.984496,831.702544,500,,,,,,,,,,,,,,1440,,,,,2500,,,,,,
9148-001-99,2020-21,Nan,3500,3000,4600,1500,1300,,1250,1350,500,,3600,1000,750,500,100,2500,2800,,1262.254902,700,,1525,883.3333333,346.1538462,1333.333333,,,600,3000,,2000,,,,,,200,1585,,,,,,,,,,2500,,,,,,
9160-001-99,2020-21,Nan,,3466.666667,2300,,,1219.512195,,,3000,1200,,2000,3000,1017.241379,150,1857.142857,2800,300,1136.029412,,,,533.8078292,2916.666667,,,,342.4657534,,,,,,,,2000,,,,,,,,,,,,,,,,,,
9172-001-99,2020-21,Nan,7000,3697.777778,4600,1500,,,625,,2000,1500,3600,2000,6000,,150,,2800,,2524.509804,,,,1512.455516,,,,,489.2367906,,,,,,56,,,,,,,,,,,,,,,,,,,,
9184-001-99,2020-21,Nan,,3466.666667,,,,,,,,,,,,,,,700,60,,,,,,,,,,,,,,,,,,,,,,,,,,,,,,,,,,,,
9220-001-99,2020-21,Nan,7000,7654.4,2300,,3250,3292.682927,,,7000,,,1500,4500,9968.965517,500,1500,4900,,4271.470588,1400,,,5667.259786,,12283.33333,4693.333333,8403.100775,3679.060665,4000,,,,8400,224,,,,,,,,,,,,,,,,,,,,
9232-001-99,2020-21,Nan,,,2300,1500,1300,,2500,,750,,1200,500,3000,521.3362069,100,,1400,100,2107.965686,700,,305,758.0071174,,,,7751.937984,2137.964775,2000,,,6000,3360,40,,,,,,,,,,,,,,,,,,,,
9244-001-99,2020-21,Nan,7000,,1610,,650,,,,1000,,,,7500,,200,500,1400,,1880.759804,,,,2366.548043,,,,,117.4168297,1800,,400,,,1000,,,,,,,,,,,,,,,,,,,,
9256-001-99,2020-21,Nan,7000,,1610,,,,,,7000,1200,2400,4000,1500,,250,1500,2800,210,820.4656863,,,4270,395.9074733,390.8333333,,,,,7000,,,,,,,,,,,,,,,,,,,,,,,,,
9268-001-99,2020-21,Nan,3500,2311.111111,,1500,1950,,5000,,2000,,2400,1500,3000,,10,1500,1400,100,1110.784314,,,1525,234.8754448,1446.666667,833.3333333,,,,1000,,2000,6000,,,,,,,,3000,,,,,2095.238095,,,,,,,,,
9280-001-99,2020-21,Nan,7000,1502.222222,4600,3000,3900,3048.780488,,,4000,,8400,2000,9000,148.3477011,300,2428.571429,2800,400,3597.426471,,,,1379.003559,4491.666667,833.3333333,,7751.937984,,5000,,1000,48000,,,,,,,,6000,,,,,733.3333333,,,,,,,,,
9292-001-99,2020-21,Nan,,,1150,,,3048.780488,,,7000,,,1000,4500,,250,,2800,500,4862.205882,,,381.25,2295.373665,644,3000,,,,4000,,1180,,,,,,,,,,,,2400,,,,,,,,,,,
9304-001-99,2020-21,Nan,,,2300,,,,,,3500,600,,500,1125,915.5172414,250,,1400,500,5690.245098,,,61,1263.345196,2041.666667,,,3875.968992,,,,500,,,,,,,,,,,,,,,,,,,,,,,
9316-001-99,2020-21,Nan,14000,,11500,,3250,3902.439024,,,7000,1200,,4000,15750,1398.706897,500,4000,5600,2000,4392.647059,,,1525,1766.903915,1614.666667,1555,,,900.1956947,3406,,1720,,602,,,,,,,,,,1966.4,,,,,,,,,,,
9328-001-99,2020-21,Nan,,,575,,,,,,1500,,,,750,,100,,,,1060.294118,,,,1067.615658,910,,666.6666667,,,,,,,,,,,,,,,,,600,,,,,,,,,,,
9340-001-99,2020-21,Nan,,,2415,,,,,,9000,,,1000,,,125,,2450,300,3861.237745,,,,531.13879,9450,,,,,,,1920,,,,,,,,,,,,1000,,,,,,,,,,,
9352-001-99,2020-21,Nan,3500,,4600,,,,,,14000,,,,7500,,100,1000,2800,700,5177.769608,1400,1131.2,,2380.782918,,,,2000,,3000,,,,,,,,,,,,,,,,,,500,,,,,,,
9364-001-99,2020-21,Nan,,,1380,,,2012.195122,,,4000,,,500,7500,762.9310345,250,,4200,210,1388.480392,,,,3113.879004,,,,3488.372093,,1000,,2800,,,,,,,,,,,,,,,,,,,,,,,
9376-001-99,2020-21,Nan,3500,,4600,,,13719.5122,,,12000,1200,,2000,21000,,500,,5600,,7846.176471,,2851.2,,,,,,23255.81395,1150.684932,,,,,,3400,,,,,,,,,,,,,1000,,,,,,,
9388-001-99,2020-21,Nan,7000,1848.888889,805,,1625,,,1350,500,,1200,1000,1500,,200,1000,2800,100,315.5637255,1050,,1525,551.6014235,1166.666667,1000,,7751.937984,587.0841487,1000,,300,,,,,,600,,,,,,720,,,,1000,,,,,,,
9400-001-99,2020-21,Nan,7000,,4600,3000,2600,,10000,1350,2000,,2400,2000,4500,1330.043103,300,2000,5600,,2448.77451,1400,,,379.0035587,1786.166667,2631.666667,,9480.620155,1724.07045,4000,,,,,1000,,2000,1130,,,,,,,,,,,5000,,,,,,
9412-001-99,2020-21,Nan,3500,577.7777778,2300,,4550,,,,1000,300,1200,1000,5250,,125,,700,120,1514.705882,,,,1868.327402,,1333.333333,,4651.162791,,500,,,18000,,,4000,,,,,,,,1040,,,,,,,,,,,
9424-001-99,2020-21,Nan,,,2300,,,,,,10000,,600,2000,1500,,200,,1400,,3546.936275,1400,,,1441.281139,991.6666667,,,2635.658915,,,,,12000,,,,,,,,,,,2400,,,,,,,,,,,
9436-001-99,2020-21,Nan,10500,1848.888889,4600,4500,802.2346369,,,1350,5000,2400,3600,2000,4500,1017.241379,250,,2800,200,4417.892157,,2000,2287.5,2669.039146,1750,2500,,27906.97674,1467.710372,3000,,2160,,2100,,,10000,,,,,,,,,,,,,,,,,,
9448-001-99,2020-21,Nan,3500,924.4444444,4600,1500,,6097.560976,,2400,3000,,,2000,7875,1271.551724,200,2000,2800,,3471.20098,1400,,762.5,2224.199288,816.6666667,1875,,,1467.710372,3000,,800,,980,,,,200,,,,,,,,,,,,,,,,,
9460-001-99,2020-21,Nan,,,920,,,2500,,,7000,,,,,,200,,700,200,3231.372549,,,3050,,630,,,,,,,,,,,,4000,,,,,,,2256,,,,,,,,,,,
9472-001-99,2020-21,Nan,,,,,,,,,,,,,,,125,,,,,,,762.5,,,,,,,,,,,,,,28000,,,,,,,,,,,,,,,,,,
9484-001-99,2020-21,Nan,,1941.333333,2300,1500,,792.6829268,,,12000,3600,,1000,,,400,,2800,350,2575,,,3050,3736.654804,,,,,,350,,3160,,,,,,,,,,,,,,,,,,,,,,,
9496-001-99,2020-21,Nan,3500,,4600,,,,,,2000,,1200,,5250,254.3103448,250,,2800,,2524.509804,,,,,,1041.666667,,,587.0841487,1000,,,,,,,,,,,,,,,,,,,,,,,,,
9508-001-99,2020-21,Nan,,,1610,750,,,,1500,3000,,,2000,4500,,250,,2800,350,3534.313725,,,,284.6975089,717.5,,,3875.968992,,,,760,,,,,,,,,,,,,,,,,,,,,,,
9520-001-99,2020-21,Nan,,,1150,,,,,,250,,,,,,250,,,,1577.818627,,,,667.2597865,,,,,,,,,,,,4000,,,,,,,,,,,,,,,,,,,
9544-001-99,2020-21,Nan,3500,2311.111111,2300,,,,,,1000,1200,,1000,750,,125,,1400,300,3155.637255,,,,1334.519573,,,,,978.4735812,2000,,,,,,,,,,,,,,,,,,,,,,,,,
9556-001-99,2020-21,Nan,10500,16177.77778,2300,,,1524.390244,,,3000,1200,1200,2000,9000,,250,,4200,500,3786.764706,1400,,,889.6797153,,,,,,,,,,2100,,,,,,,,,,,,,,,,,,,,,
9568-001-99,2020-21,Nan,1750,,1150,,,1524.390244,,,1500,,600,,750,1695.402299,50,,700,200,2145.833333,,,,222.4199288,,,,,,1000,,28000,,,,,,,,,,,,,,,,,,,,,,,
9580-001-99,2020-21,Nan,3500,924.4444444,2300,750,,,,,5000,,,,2250,,75,,1400,100,3155.637255,700,,,533.8078292,,,,1162.790698,,7000,,,,,,,,,,,,,,,,,,,,,,,,,
9592-001-99,2020-21,Nan,1750,1848.888889,2300,,,,,,3000,600,,500,1500,305.1724138,250,,1400,,1262.254902,,,,311.3879004,,1666.666667,,806.2015504,58.70841487,1000,,,,,2000,,,200,,,,,,,,,,,,,,,,,
9616-001-99,2020-21,Nan,14000,2080,4600,,,,,,10000,,,6000,1500,1864.942529,200,,2800,,3155.637255,1400,1200,,3113.879004,,,,15503.87597,4403.131115,3000,,1100,,4200,1000,,,,,,,,,,,,,,,,,,,,
9628-001-99,2020-21,Nan,,577.7777778,1150,,975,,,,750,,,500,1875,,500,,700,,3786.764706,,3200,,1334.519573,,,,23255.81395,,1000,,,,2400,400,,,,,,,,,,,,,,,,,,,,
9640-001-99,2020-21,Nan,,,,,,,,,3500,,1200,,,,125,20000,,,2019.607843,,28000,,800.7117438,,,3555.555556,2713.178295,1956.947162,,,,,29400,,,,,,,,,,,,,,,,,,,,,
9652-001-99,2020-21,Nan,,4622.222222,3450,,,,,,1000,,,500,1500,,266,,2100,,1072.916667,,,,,,,,7751.937984,,4000,,,12000,3000,,,,,,,,,,,,,,,,,,,,,
9664-001-99,2020-21,Nan,3500,,1610,,,1987.804878,,,10000,1800,,6000,6000,,250,,700,,4607.230392,,,,1085.409253,,,,,3346.379648,2800,,,,,,,,,,,,,,,,,,,,,,,,,
9676-001-99,2020-21,Nan,3500,,2300,,1196.666667,3048.780488,1250,,4800,,,,3000,1160.502874,120,,2324,120,4089.705882,,,,1159.252669,2613.333333,,,,1000,1690,,700,,,,,1000,200,,,3000,,,,,,,,,,,,,,
9688-001-99,2020-21,Nan,,,,,,,,,10000,,2400,,1500,,250,2000,2800,150,3786.764706,,,,1779.359431,,,,,,3000,,,,,,,,,,,3000,,,,,,,,,,,,,,
9700-001-99,2020-21,Nan,5250,,1610,,,,,,10000,,,2600,3750,110.2011494,350,,1568,1500,2333.909314,2450,,1525,1779.359431,408.3333333,,1000,465.1162791,489.2367906,1000,,,,,800,,1500,100,,,,,,,,,,,,,,,,,
9712-001-99,2020-21,Nan,7000,,4600,10500,325,,,,5250,,50400,1000,10500,,250,500,2800,500,3534.313725,,16000,,2135.231317,4900,5833.333333,2000,7751.937984,,,,,,,,,,,,,,,,,,,,,,,,,,,
9724-001-99,2020-21,Nan,7000,1617.777778,690,1500,1950,,312.5,,3000,,3600,1000,4500,,200,1500,2800,,3155.637255,,1200,,1779.359431,1750,,,,,1500,,300,,3000,,,1000,600,,,,,,,,,,,,,,,,,
9736-001-99,2020-21,Nan,7000,,,,1310.316574,1000,,1350,3000,,,,3000,826.5086207,125,1500,2800,100,1832.794118,,,,407.4733096,668.5,1275.833333,386.2222222,,679.0606654,1105,,,,,852,,2000,530,,,,1500,,,,,,,,,,,,,
9748-001-99,2020-21,Nan,,,3735.2,,,,,,7000,,,6000,4500,,129,,910,,1572.769608,,800,,209.9644128,,3333.333333,,,,2000,,,,,,,,,,,,,,1600,,,,,,,,,,,
9760-001-99,2020-21,Nan,,,1610,,,,,,4000,,,4000,7500,,250,,2800,500,1417.512255,,,,678.8256228,,,,,,,,630,,,,,,2140,,,,,,,,,,2000,,,,,,,
9772-001-99,2020-21,Nan,,1155.555556,1610,,,,,,5000,,,,3000,,200,,1400,200,,,720,,362.9893238,,,,6201.550388,,,,1200,,,,,,,,,,,,,,,,500,,,,,,,
9784-001-99,2020-21,Nan,,,1610,,,,,,3000,,,1000,,,200,,700,120,1868.137255,,5984,,747.3309609,,,,1395.348837,,,,,,,,,,,,,,,,,,,,,,,,,,,
9796-001-99,2020-21,Nan,,,920,,,,,,8000,,,,4500,,250,,700,,2650.735294,,,,,,,,18604.65116,,,,,,,,,,,,,,,,,,,,,,,,,,,
9808-001-99,2020-21,Nan,7000,1848.888889,4025,,,,3750,,3750,600,,2000,10500,,250,1500,4900,120,4417.892157,1050,,,800.7117438,2100,1250,,7751.937984,1418.786693,1000,,,,,,,2000,,,,,,,1600,,,,1000,,,,,,,